x-axis,1,2
second,Volt,Volt
-20.000E-03,+0.0E+00,-23.078E-03
-18.850E-03,-7.538E-03,-3.480E-03
-17.700E-03,+7.538E-03,-7.500E-03
-16.550E-03,+0.0E+00,-19.058E-03
-15.400E-03,-8.040E-03,-7.500E-03
-14.250E-03,-8.040E-03,+540E-06
-13.100E-03,+0.0E+00,+38E-06
-11.950E-03,-4.020E-03,-3.982E-03
-10.800E-03,+0.0E+00,+8.078E-03
-9.650E-03,-8.040E-03,-7.500E-03
-8.500E-03,+15.578E-03,-15.038E-03
-7.350E-03,-8.040E-03,-3.480E-03
-6.200E-03,+0.0E+00,-7.500E-03
-5.050E-03,-12.060E-03,+540E-06
-3.900E-03,+0.0E+00,-23.078E-03
-2.750E-03,-4.020E-03,-3.982E-03
-1.600E-03,+0.0E+00,-7.500E-03
-450E-06,+4.020E-03,-7.500E-03
+700E-06,-209.045E-03,+450.289E-03
+1.850E-03,-228.643E-03,+269.384E-03
+3.000E-03,-192.462E-03,+161.344E-03
+4.150E-03,-168.844E-03,+92.500E-03
+5.300E-03,-128.141E-03,+40.741E-03
+6.450E-03,-104.020E-03,+12.098E-03
+7.600E-03,-96.482E-03,-15.540E-03
+8.750E-03,-80.402E-03,-39.661E-03
+9.900E-03,-48.241E-03,-63.279E-03
+11.050E-03,-40.201E-03,+48.781E-03
+12.200E-03,-64.322E-03,+40.239E-03
+13.350E-03,-80.402E-03,+20.641E-03
+14.500E-03,-96.482E-03,+8.580E-03
+15.650E-03,-116.583E-03,-23.580E-03
+16.800E-03,-136.683E-03,-71.319E-03
+17.950E-03,-168.844E-03,-124.083E-03
+19.100E-03,-217.085E-03,-176.344E-03
+20.250E-03,-265.327E-03,-300.465E-03
+21.400E-03,-184.925E-03,-505.992E-03
+22.550E-03,+51.759E-03,-525.590E-03
+23.700E-03,+144.724E-03,-329.108E-03
+24.850E-03,+148.241E-03,-228.103E-03
+26.000E-03,+120.101E-03,-136.143E-03
+27.150E-03,+104.523E-03,-95.440E-03
+28.300E-03,+88.442E-03,-47.198E-03
+29.450E-03,+84.422E-03,-15.540E-03
+30.600E-03,+72.362E-03,+8.078E-03
+31.750E-03,+72.362E-03,+24.661E-03
+32.900E-03,+0.0E+00,+8.078E-03
+34.050E-03,+56.281E-03,-35.641E-03
+35.200E-03,+79.899E-03,-15.540E-03
+36.350E-03,+88.442E-03,-11.520E-03
+37.500E-03,+104.020E-03,+32.198E-03
+38.650E-03,+112.563E-03,+64.862E-03
+39.800E-03,+136.683E-03,+105.063E-03
+40.950E-03,+152.764E-03,+197.525E-03
+42.100E-03,+152.764E-03,+306.068E-03
+43.250E-03,+95.980E-03,+482.952E-03
+44.400E-03,-160.804E-03,+482.450E-03
+45.550E-03,-228.643E-03,+289.485E-03
+46.700E-03,-192.462E-03,+177.425E-03
+47.850E-03,-156.281E-03,+101.043E-03
+49.000E-03,-112.563E-03,+48.781E-03
+50.150E-03,-100.503E-03,+12.601E-03
+51.300E-03,-88.442E-03,-15.540E-03
+52.450E-03,-88.442E-03,-35.641E-03
+53.600E-03,-56.281E-03,-55.741E-03
+54.750E-03,-44.221E-03,-47.701E-03
+55.900E-03,-55.779E-03,+32.701E-03
+57.050E-03,-67.839E-03,+28.681E-03
+58.200E-03,-64.322E-03,+16.621E-03
+59.350E-03,-96.482E-03,-15.540E-03
+60.500E-03,-128.141E-03,-39.661E-03
+61.650E-03,-152.764E-03,-83.379E-03
+62.800E-03,-200.503E-03,-143.681E-03
+63.950E-03,-236.683E-03,-236.646E-03
+65.100E-03,-232.663E-03,-409.510E-03
+66.250E-03,-19.598E-03,-509.510E-03
+67.400E-03,+120.603E-03,-360.766E-03
+68.550E-03,+116.583E-03,-232.123E-03
+69.700E-03,+104.523E-03,-159.761E-03
+70.850E-03,+88.442E-03,-91.922E-03
+72.000E-03,+95.980E-03,-47.701E-03
+73.150E-03,+80.402E-03,-27.098E-03
+74.300E-03,+63.819E-03,+38E-06
+75.450E-03,+52.261E-03,+16.621E-03
+76.600E-03,+56.281E-03,+16.621E-03
+77.750E-03,+36.181E-03,-35.138E-03
+78.900E-03,+63.819E-03,-7.500E-03
+80.050E-03,+68.342E-03,+4.560E-03
+81.200E-03,+64.322E-03,+40.239E-03
+82.350E-03,+72.362E-03,+56.822E-03
+83.500E-03,+95.980E-03,+88.982E-03
+84.650E-03,+104.523E-03,+169.384E-03
+85.800E-03,+128.141E-03,+265.867E-03
+86.950E-03,+51.759E-03,+398.530E-03
+88.100E-03,-168.342E-03,+426.671E-03
+89.250E-03,-248.744E-03,+257.324E-03
+90.400E-03,-208.543E-03,+129.183E-03
+91.550E-03,-160.804E-03,+76.420E-03
+92.700E-03,-120.101E-03,+40.239E-03
+93.850E-03,-100.503E-03,+8.580E-03
+95.000E-03,-72.362E-03,-23.580E-03
+96.150E-03,-55.779E-03,-43.681E-03
+97.300E-03,-55.779E-03,-39.158E-03
+98.450E-03,-35.678E-03,-55.741E-03
+99.600E-03,-32.161E-03,+40.741E-03
+100.750E-03,-52.261E-03,+48.781E-03
+101.900E-03,-64.322E-03,+24.158E-03
+103.050E-03,-75.879E-03,+540E-06
+104.200E-03,-80.402E-03,-15.540E-03
+105.350E-03,-128.643E-03,-51.219E-03
+106.500E-03,-160.302E-03,-95.942E-03
+107.650E-03,-192.965E-03,-180.364E-03
+108.800E-03,-217.085E-03,-296.947E-03
+109.950E-03,-79.899E-03,-421.570E-03
+111.100E-03,+80.402E-03,-336.646E-03
+112.250E-03,+100.503E-03,-236.143E-03
+113.400E-03,+88.442E-03,-151.721E-03
+114.550E-03,+83.920E-03,-95.942E-03
+115.700E-03,+72.362E-03,-39.661E-03
+116.850E-03,+68.342E-03,-31.621E-03
+118.000E-03,+48.241E-03,+38E-06
+119.150E-03,+40.201E-03,+8.580E-03
+120.300E-03,+31.658E-03,+16.118E-03
+121.450E-03,+32.161E-03,-27.601E-03
+122.600E-03,+40.201E-03,-15.540E-03
+123.750E-03,+48.241E-03,-15.038E-03
+124.900E-03,+48.241E-03,+8.580E-03
+126.050E-03,+59.799E-03,+32.701E-03
+127.200E-03,+64.322E-03,+72.399E-03
+128.350E-03,+83.920E-03,+129.183E-03
+129.500E-03,+72.362E-03,+193.003E-03
+130.650E-03,+48.241E-03,+289.987E-03
+131.800E-03,-96.482E-03,+353.807E-03
+132.950E-03,-201.005E-03,+237.224E-03
+134.100E-03,-176.382E-03,+129.183E-03
+135.250E-03,-136.181E-03,+76.922E-03
+136.400E-03,-112.060E-03,+32.701E-03
+137.550E-03,-75.879E-03,-3.480E-03
+138.700E-03,-72.362E-03,-7.500E-03
+139.850E-03,-56.281E-03,-31.621E-03
+141.000E-03,-32.161E-03,-31.621E-03
+142.150E-03,-24.121E-03,-39.661E-03
+143.300E-03,-23.618E-03,+24.661E-03
+144.450E-03,-16.080E-03,+24.661E-03
+145.600E-03,-32.161E-03,+24.158E-03
+146.750E-03,-48.241E-03,+4.058E-03
+147.900E-03,-64.322E-03,-31.118E-03
+149.050E-03,-88.442E-03,-27.098E-03
+150.200E-03,-112.563E-03,-63.781E-03
+151.350E-03,-136.683E-03,-112.023E-03
+152.500E-03,-160.804E-03,-184.384E-03
+153.650E-03,-104.020E-03,-300.967E-03
+154.800E-03,+32.161E-03,-296.445E-03
+155.950E-03,+72.362E-03,-192.425E-03
+157.100E-03,+79.899E-03,-136.143E-03
+158.250E-03,+64.322E-03,-91.420E-03
+159.400E-03,+48.241E-03,-55.239E-03
+160.550E-03,+51.759E-03,-23.078E-03
+161.700E-03,+48.241E-03,-7.500E-03
+162.850E-03,+36.181E-03,+4.058E-03
+164.000E-03,+15.578E-03,+540E-06
+165.150E-03,+0.0E+00,-23.580E-03
+166.300E-03,+23.618E-03,-23.078E-03
+167.450E-03,+12.060E-03,-23.580E-03
+168.600E-03,+31.658E-03,+540E-06
+169.750E-03,+35.678E-03,+8.580E-03
+170.900E-03,+55.779E-03,+32.701E-03
+172.050E-03,+48.241E-03,+68.379E-03
+173.200E-03,+55.779E-03,+121.143E-03
+174.350E-03,+39.698E-03,+181.445E-03
+175.500E-03,-48.241E-03,+249.786E-03
+176.650E-03,-140.704E-03,+184.962E-03
+177.800E-03,-144.724E-03,+104.560E-03
+178.950E-03,-108.040E-03,+52.802E-03
+180.100E-03,-80.402E-03,+16.621E-03
+181.250E-03,-71.859E-03,+8.580E-03
+182.400E-03,-40.201E-03,-7.500E-03
+183.550E-03,-36.181E-03,-43.178E-03
+184.700E-03,-23.618E-03,-31.118E-03
+185.850E-03,-8.040E-03,-39.158E-03
+187.000E-03,+15.578E-03,+24.158E-03
+188.150E-03,+0.0E+00,+16.621E-03
+189.300E-03,-8.040E-03,+16.621E-03
+190.450E-03,-27.638E-03,+12.098E-03
+191.600E-03,-32.161E-03,+540E-06
+192.750E-03,-51.759E-03,-15.540E-03
+193.900E-03,-71.859E-03,-23.580E-03
+195.050E-03,-92.462E-03,-43.178E-03
+196.200E-03,-128.643E-03,-87.902E-03
+197.350E-03,-128.643E-03,-176.344E-03
+198.500E-03,-24.121E-03,-200.465E-03
+199.650E-03,+23.618E-03,-144.183E-03
+200.800E-03,+32.161E-03,-111.520E-03
+201.950E-03,+20.101E-03,-71.319E-03
+203.100E-03,+24.121E-03,-55.239E-03
+204.250E-03,+19.598E-03,-19.058E-03
+205.400E-03,+31.658E-03,-7.500E-03
+206.550E-03,+16.080E-03,-3.982E-03
+207.700E-03,-7.538E-03,+8.580E-03
+208.850E-03,+3.518E-03,-11.520E-03
+210.000E-03,-15.578E-03,-23.580E-03
+211.150E-03,+8.040E-03,-23.580E-03
+212.300E-03,+8.040E-03,+540E-06
+213.450E-03,+16.080E-03,-3.480E-03
+214.600E-03,+8.040E-03,+16.621E-03
+215.750E-03,+15.578E-03,+28.178E-03
+216.900E-03,+15.578E-03,+64.862E-03
+218.050E-03,+8.040E-03,+117.123E-03
+219.200E-03,-24.121E-03,+153.304E-03
+220.350E-03,-104.523E-03,+116.621E-03
+221.500E-03,-112.060E-03,+72.399E-03
+222.650E-03,-83.920E-03,+12.098E-03
+223.800E-03,-55.779E-03,+38E-06
+224.950E-03,-43.719E-03,-15.038E-03
+226.100E-03,-23.618E-03,-15.540E-03
+227.250E-03,-20.101E-03,-27.601E-03
+228.400E-03,-8.040E-03,-23.580E-03
+229.550E-03,+8.040E-03,-27.098E-03
+230.700E-03,+0.0E+00,-23.580E-03
+231.850E-03,+16.080E-03,+8.580E-03
+233.000E-03,+23.618E-03,+8.580E-03
+234.150E-03,-4.020E-03,+20.138E-03
+235.300E-03,-24.121E-03,+16.621E-03
+236.450E-03,-20.101E-03,+20.138E-03
+237.600E-03,-39.698E-03,+8.078E-03
+238.750E-03,-43.719E-03,-7.500E-03
+239.900E-03,-87.940E-03,-15.540E-03
+241.050E-03,-108.040E-03,-51.219E-03
+242.200E-03,-80.402E-03,-79.862E-03
+243.350E-03,-16.080E-03,-91.420E-03
+244.500E-03,-15.578E-03,-71.822E-03
+245.650E-03,-4.020E-03,-51.721E-03
+246.800E-03,+0.0E+00,-31.118E-03
+247.950E-03,+0.0E+00,-15.038E-03
+249.100E-03,+0.0E+00,-7.500E-03
+250.250E-03,-4.020E-03,-7.500E-03
+251.400E-03,+0.0E+00,+8.078E-03
+252.550E-03,-8.040E-03,-7.500E-03
+253.700E-03,-24.121E-03,-7.500E-03
+254.850E-03,-8.040E-03,-7.500E-03
+256.000E-03,-15.578E-03,+540E-06
+257.150E-03,-12.060E-03,-7.500E-03
+258.300E-03,-7.538E-03,+540E-06
+259.450E-03,-20.101E-03,+4.560E-03
+260.600E-03,-8.040E-03,+16.621E-03
+261.750E-03,-32.161E-03,+40.741E-03
+262.900E-03,-48.241E-03,+40.741E-03
+264.050E-03,-88.442E-03,+28.178E-03
+265.200E-03,-72.362E-03,+38E-06
+266.350E-03,-47.739E-03,-15.540E-03
+267.500E-03,-24.121E-03,-23.580E-03
+268.650E-03,-24.121E-03,-27.601E-03
+269.800E-03,+0.0E+00,-31.621E-03
+270.950E-03,+0.0E+00,-27.601E-03
+272.100E-03,+8.040E-03,-23.580E-03
+273.250E-03,+12.060E-03,-27.098E-03
+274.400E-03,+16.080E-03,-7.500E-03
+275.550E-03,+32.161E-03,+38E-06
+276.700E-03,+24.121E-03,+540E-06
+277.850E-03,+19.598E-03,+12.601E-03
+279.000E-03,-7.538E-03,+8.580E-03
+280.150E-03,+7.538E-03,+24.661E-03
+281.300E-03,-15.578E-03,+24.661E-03
+282.450E-03,-15.578E-03,+36.219E-03
+283.600E-03,-24.121E-03,+24.661E-03
+284.750E-03,-60.302E-03,+32.198E-03
+285.900E-03,-79.899E-03,+540E-06
+287.050E-03,-59.799E-03,-11.520E-03
+288.200E-03,-31.658E-03,-31.118E-03
+289.350E-03,-35.678E-03,-11.018E-03
+290.500E-03,-24.121E-03,-7.500E-03
+291.650E-03,-20.101E-03,+540E-06
+292.800E-03,-16.080E-03,+540E-06
+293.950E-03,-24.121E-03,-3.982E-03
+295.100E-03,-15.578E-03,-7.500E-03
+296.250E-03,-27.638E-03,-7.500E-03
+297.400E-03,-32.161E-03,+540E-06
+298.550E-03,-27.638E-03,-3.982E-03
+299.700E-03,-47.739E-03,-15.038E-03
+300.850E-03,-24.121E-03,-11.520E-03
+302.000E-03,-39.698E-03,-7.500E-03
+303.150E-03,-35.678E-03,-11.018E-03
+304.300E-03,-63.819E-03,-23.078E-03
+305.450E-03,-60.302E-03,-3.982E-03
+306.600E-03,-95.980E-03,-23.078E-03
+307.750E-03,-76.382E-03,-67.802E-03
+308.900E-03,-24.121E-03,-95.942E-03
+310.050E-03,-24.121E-03,-71.319E-03
+311.200E-03,+8.040E-03,-63.279E-03
+312.350E-03,+8.040E-03,-51.721E-03
+313.500E-03,+16.080E-03,-31.621E-03
+314.650E-03,+28.141E-03,-23.580E-03
+315.800E-03,+16.080E-03,-23.078E-03
+316.950E-03,+40.201E-03,-23.580E-03
+318.100E-03,+24.121E-03,-7.500E-03
+319.250E-03,+48.241E-03,-3.982E-03
+320.400E-03,+24.121E-03,-7.500E-03
+321.550E-03,+36.181E-03,+4.058E-03
+322.700E-03,+32.161E-03,+16.621E-03
+323.850E-03,+32.161E-03,+24.661E-03
+325.000E-03,+23.618E-03,+40.239E-03
+326.150E-03,+7.538E-03,+60.339E-03
+327.300E-03,+0.0E+00,+72.902E-03
+328.450E-03,-15.578E-03,+97.023E-03
+329.600E-03,-64.322E-03,+104.560E-03
+330.750E-03,-91.960E-03,+48.279E-03
+331.900E-03,-87.940E-03,+24.661E-03
+333.050E-03,-56.281E-03,+8.580E-03
+334.200E-03,-48.241E-03,+540E-06
+335.350E-03,-43.719E-03,+540E-06
+336.500E-03,-39.698E-03,+540E-06
+337.650E-03,-35.678E-03,-3.982E-03
+338.800E-03,-32.161E-03,-7.500E-03
+339.950E-03,-39.698E-03,-11.018E-03
+341.100E-03,-31.658E-03,+540E-06
+342.250E-03,-43.719E-03,+540E-06
+343.400E-03,-16.080E-03,+8.078E-03
+344.550E-03,-40.201E-03,-15.540E-03
+345.700E-03,-48.241E-03,-15.540E-03
+346.850E-03,-47.739E-03,-23.580E-03
+348.000E-03,-56.281E-03,-31.621E-03
+349.150E-03,-76.382E-03,-47.701E-03
+350.300E-03,-88.442E-03,-63.781E-03
+351.450E-03,-91.960E-03,-132.123E-03
+352.600E-03,-24.121E-03,-144.183E-03
+353.750E-03,+4.020E-03,-107.500E-03
+354.900E-03,+16.080E-03,-87.902E-03
+356.050E-03,+24.121E-03,-71.822E-03
+357.200E-03,+31.658E-03,-55.239E-03
+358.350E-03,+44.221E-03,-43.681E-03
+359.500E-03,+32.161E-03,-23.078E-03
+360.650E-03,+23.618E-03,-11.018E-03
+361.800E-03,+40.201E-03,-7.500E-03
+362.950E-03,+32.161E-03,-19.560E-03
+364.100E-03,+55.779E-03,-7.500E-03
+365.250E-03,+43.719E-03,+4.058E-03
+366.400E-03,+40.201E-03,+8.580E-03
+367.550E-03,+36.181E-03,+28.178E-03
+368.700E-03,+32.161E-03,+56.822E-03
+369.850E-03,+32.161E-03,+64.359E-03
+371.000E-03,+23.618E-03,+88.982E-03
+372.150E-03,+3.518E-03,+125.163E-03
+373.300E-03,-48.241E-03,+145.264E-03
+374.450E-03,-112.563E-03,+124.661E-03
+375.600E-03,-88.442E-03,+64.359E-03
+376.750E-03,-87.940E-03,+32.198E-03
+377.900E-03,-56.281E-03,+8.580E-03
+379.050E-03,-52.261E-03,+4.560E-03
+380.200E-03,-55.779E-03,-7.500E-03
+381.350E-03,-43.719E-03,+540E-06
+382.500E-03,-40.201E-03,-7.500E-03
+383.650E-03,-32.161E-03,-11.520E-03
+384.800E-03,-31.658E-03,-23.078E-03
+385.950E-03,-40.201E-03,+540E-06
+387.100E-03,-32.161E-03,+8.580E-03
+388.250E-03,-59.799E-03,-3.480E-03
+389.400E-03,-48.241E-03,-7.500E-03
+390.550E-03,-51.759E-03,-11.018E-03
+391.700E-03,-87.940E-03,-31.621E-03
+392.850E-03,-76.382E-03,-43.681E-03
+394.000E-03,-112.563E-03,-63.781E-03
+395.150E-03,-104.523E-03,-140.163E-03
+396.300E-03,-55.779E-03,-184.384E-03
+397.450E-03,+3.518E-03,-139.661E-03
+398.600E-03,+24.121E-03,-103.982E-03
+399.750E-03,+23.618E-03,-83.379E-03
+400.900E-03,+47.739E-03,-55.741E-03
+402.050E-03,+36.181E-03,-47.701E-03
+403.200E-03,+40.201E-03,-23.580E-03
+404.350E-03,+43.719E-03,-11.018E-03
+405.500E-03,+40.201E-03,-23.078E-03
+406.650E-03,+36.181E-03,+4.560E-03
+407.800E-03,+56.281E-03,+38E-06
+408.950E-03,+40.201E-03,+540E-06
+410.100E-03,+47.739E-03,+8.580E-03
+411.250E-03,+40.201E-03,+32.701E-03
+412.400E-03,+39.698E-03,+40.741E-03
+413.550E-03,+44.221E-03,+60.339E-03
+414.700E-03,+24.121E-03,+97.023E-03
+415.850E-03,+16.080E-03,+129.183E-03
+417.000E-03,+7.538E-03,+193.003E-03
+418.150E-03,-96.482E-03,+172.902E-03
+419.300E-03,-120.101E-03,+88.982E-03
+420.450E-03,-91.960E-03,+48.279E-03
+421.600E-03,-80.402E-03,+32.701E-03
+422.750E-03,-64.322E-03,+28.681E-03
+423.900E-03,-55.779E-03,+8.580E-03
+425.050E-03,-60.302E-03,-3.982E-03
+426.200E-03,-40.201E-03,-15.038E-03
+427.350E-03,-44.221E-03,-19.560E-03
+428.500E-03,-40.201E-03,-31.118E-03
+429.650E-03,-31.658E-03,+12.601E-03
+430.800E-03,-55.779E-03,+8.580E-03
+431.950E-03,-47.739E-03,-3.480E-03
+433.100E-03,-48.241E-03,-7.500E-03
+434.250E-03,-56.281E-03,-19.058E-03
+435.400E-03,-64.322E-03,-23.580E-03
+436.550E-03,-96.482E-03,-51.721E-03
+437.700E-03,-104.020E-03,-79.862E-03
+438.850E-03,-128.643E-03,-132.123E-03
+440.000E-03,-71.859E-03,-200.465E-03
+441.150E-03,+8.040E-03,-176.344E-03
+442.300E-03,+39.698E-03,-120.063E-03
+443.450E-03,+27.638E-03,-91.420E-03
+444.600E-03,+32.161E-03,-63.781E-03
+445.750E-03,+44.221E-03,-39.661E-03
+446.900E-03,+24.121E-03,-39.158E-03
+448.050E-03,+44.221E-03,-15.540E-03
+449.200E-03,+32.161E-03,-7.500E-03
+450.350E-03,+43.719E-03,+8.580E-03
+451.500E-03,+16.080E-03,-23.580E-03
+452.650E-03,+39.698E-03,+540E-06
+453.800E-03,+47.739E-03,+540E-06
+454.950E-03,+43.719E-03,+16.621E-03
+456.100E-03,+40.201E-03,+32.198E-03
+457.250E-03,+52.261E-03,+44.761E-03
+458.400E-03,+40.201E-03,+80.440E-03
+459.550E-03,+43.719E-03,+113.103E-03
+460.700E-03,+32.161E-03,+177.425E-03
+461.850E-03,-51.759E-03,+193.505E-03
+463.000E-03,-112.563E-03,+136.721E-03
+464.150E-03,-75.879E-03,+76.922E-03
+465.300E-03,-80.402E-03,+48.781E-03
+466.450E-03,-64.322E-03,+32.701E-03
+467.600E-03,-55.779E-03,+32.198E-03
+468.750E-03,-56.281E-03,-3.480E-03
+469.900E-03,-32.161E-03,-15.540E-03
+471.050E-03,-24.121E-03,-3.480E-03
+472.200E-03,-39.698E-03,-15.540E-03
+473.350E-03,-35.678E-03,+38E-06
+474.500E-03,-47.739E-03,+8.580E-03
+475.650E-03,-36.181E-03,-3.480E-03
+476.800E-03,-47.739E-03,-7.500E-03
+477.950E-03,-56.281E-03,-15.540E-03
+479.100E-03,-64.322E-03,-39.158E-03
+480.250E-03,-84.422E-03,-35.138E-03
+481.400E-03,-104.020E-03,-63.781E-03
+482.550E-03,-120.603E-03,-120.063E-03
+483.700E-03,-87.940E-03,-184.384E-03
+484.850E-03,+8.040E-03,-176.344E-03
+486.000E-03,+47.739E-03,-135.641E-03
+487.150E-03,+40.201E-03,-91.922E-03
+488.300E-03,+40.201E-03,-63.781E-03
+489.450E-03,+31.658E-03,-43.681E-03
+490.600E-03,+32.161E-03,-31.118E-03
+491.750E-03,+35.678E-03,-19.560E-03
+492.900E-03,+40.201E-03,-15.038E-03
+494.050E-03,+40.201E-03,+4.560E-03
+495.200E-03,+40.201E-03,-7.500E-03
+496.350E-03,+27.638E-03,-19.560E-03
+497.500E-03,+16.080E-03,-15.038E-03
+498.650E-03,+32.161E-03,+16.118E-03
+499.800E-03,+32.161E-03,+24.661E-03
+500.950E-03,+40.201E-03,+40.741E-03
+502.100E-03,+47.739E-03,+40.741E-03
+503.250E-03,+35.678E-03,+93.003E-03
+504.400E-03,+31.658E-03,+129.183E-03
+505.550E-03,-36.181E-03,+172.902E-03
+506.700E-03,-104.523E-03,+129.183E-03
+507.850E-03,-100.000E-03,+68.379E-03
+509.000E-03,-80.402E-03,+48.279E-03
+510.150E-03,-64.322E-03,+16.621E-03
+511.300E-03,-56.281E-03,-7.500E-03
+512.450E-03,-43.719E-03,-3.982E-03
+513.600E-03,-32.161E-03,-15.540E-03
+514.750E-03,-36.181E-03,-19.058E-03
+515.900E-03,-24.121E-03,-15.540E-03
+517.050E-03,-19.598E-03,+8.580E-03
+518.200E-03,-31.658E-03,+8.580E-03
+519.350E-03,-35.678E-03,+540E-06
+520.500E-03,-32.161E-03,+38E-06
+521.650E-03,-24.121E-03,-7.500E-03
+522.800E-03,-40.201E-03,-7.500E-03
+523.950E-03,-67.839E-03,-23.580E-03
+525.100E-03,-80.402E-03,-31.621E-03
+526.250E-03,-108.543E-03,-71.822E-03
+527.400E-03,-104.523E-03,-136.143E-03
+528.550E-03,-31.658E-03,-160.264E-03
+529.700E-03,+8.040E-03,-128.103E-03
+530.850E-03,+27.638E-03,-99.460E-03
+532.000E-03,+31.658E-03,-71.319E-03
+533.150E-03,+24.121E-03,-35.641E-03
+534.300E-03,+16.080E-03,-39.661E-03
+535.450E-03,+32.161E-03,-19.058E-03
+536.600E-03,+16.080E-03,-15.540E-03
+537.750E-03,+15.578E-03,+38E-06
+538.900E-03,+15.578E-03,+38E-06
+540.050E-03,+20.101E-03,-11.520E-03
+541.200E-03,+39.698E-03,-15.038E-03
+542.350E-03,+19.598E-03,+12.098E-03
+543.500E-03,+16.080E-03,+8.580E-03
+544.650E-03,+19.598E-03,+28.178E-03
+545.800E-03,+15.578E-03,+32.701E-03
+546.950E-03,+24.121E-03,+80.942E-03
+548.100E-03,+0.0E+00,+120.641E-03
+549.250E-03,-28.141E-03,+157.324E-03
+550.400E-03,-104.020E-03,+97.023E-03
+551.550E-03,-95.980E-03,+52.299E-03
+552.700E-03,-80.402E-03,+16.621E-03
+553.850E-03,-56.281E-03,+540E-06
+555.000E-03,-40.201E-03,-15.038E-03
+556.150E-03,-36.181E-03,+540E-06
+557.300E-03,-24.121E-03,-7.500E-03
+558.450E-03,-28.141E-03,-19.560E-03
+559.600E-03,-39.698E-03,-15.540E-03
+560.750E-03,-16.080E-03,-15.540E-03
+561.900E-03,-8.040E-03,+540E-06
+563.050E-03,-12.060E-03,+12.098E-03
+564.200E-03,-16.080E-03,-7.500E-03
+565.350E-03,-23.618E-03,+4.058E-03
+566.500E-03,-32.161E-03,+38E-06
+567.650E-03,-40.201E-03,-15.540E-03
+568.800E-03,-56.281E-03,-31.118E-03
+569.950E-03,-88.442E-03,-47.701E-03
+571.100E-03,-80.402E-03,-87.902E-03
+572.250E-03,-56.281E-03,-128.103E-03
+573.400E-03,-15.578E-03,-111.520E-03
+574.550E-03,+8.040E-03,-83.882E-03
+575.700E-03,+16.080E-03,-63.279E-03
+576.850E-03,+3.518E-03,-39.661E-03
+578.000E-03,-7.538E-03,-15.540E-03
+579.150E-03,+11.558E-03,-27.098E-03
+580.300E-03,+8.040E-03,+38E-06
+581.450E-03,+4.020E-03,-7.500E-03
+582.600E-03,+15.578E-03,+38E-06
+583.750E-03,+4.020E-03,-15.540E-03
+584.900E-03,+15.578E-03,+540E-06
+586.050E-03,+8.040E-03,-3.480E-03
+587.200E-03,+8.040E-03,+540E-06
+588.350E-03,+3.518E-03,+16.621E-03
+589.500E-03,+15.578E-03,+32.701E-03
+590.650E-03,+0.0E+00,+44.259E-03
+591.800E-03,-7.538E-03,+72.902E-03
+592.950E-03,-28.141E-03,+92.500E-03
+594.100E-03,-48.241E-03,+80.440E-03
+595.250E-03,-72.362E-03,+36.219E-03
+596.400E-03,-55.779E-03,+24.158E-03
+597.550E-03,-43.719E-03,-11.018E-03
+598.700E-03,-39.698E-03,+8.078E-03
+599.850E-03,-19.598E-03,-19.058E-03
+601.000E-03,-8.040E-03,-7.500E-03
+602.150E-03,-12.060E-03,-15.540E-03
+603.300E-03,-15.578E-03,+38E-06
+604.450E-03,-4.020E-03,-27.601E-03
+605.600E-03,+7.538E-03,+540E-06
+606.750E-03,+0.0E+00,+12.601E-03
+607.900E-03,-8.040E-03,+540E-06
+609.050E-03,-11.558E-03,+540E-06
+610.200E-03,-31.658E-03,+540E-06
+611.350E-03,-23.618E-03,+4.560E-03
+612.500E-03,-55.779E-03,-7.500E-03
+613.650E-03,-44.221E-03,-19.058E-03
+614.800E-03,-64.322E-03,-47.198E-03
+615.950E-03,-67.839E-03,-71.822E-03
+617.100E-03,+0.0E+00,-87.399E-03
+618.250E-03,-8.040E-03,-59.761E-03
+619.400E-03,+0.0E+00,-39.661E-03
+620.550E-03,+0.0E+00,-31.118E-03
+621.700E-03,+0.0E+00,-23.078E-03
+622.850E-03,+0.0E+00,-7.500E-03
+624.000E-03,+7.538E-03,-7.500E-03
+625.150E-03,+4.020E-03,-3.480E-03
+626.300E-03,+0.0E+00,-15.038E-03
+627.450E-03,-12.060E-03,-15.038E-03
+628.600E-03,+0.0E+00,-23.078E-03
+629.750E-03,+0.0E+00,-3.480E-03
+630.900E-03,+0.0E+00,+8.078E-03
+632.050E-03,+8.040E-03,+540E-06
+633.200E-03,+7.538E-03,+540E-06
+634.350E-03,-16.080E-03,+16.621E-03
+635.500E-03,-8.040E-03,+24.661E-03
+636.650E-03,-32.161E-03,+44.259E-03
+637.800E-03,-48.241E-03,+32.701E-03
+638.950E-03,-59.799E-03,+8.580E-03
+640.100E-03,-32.161E-03,-7.500E-03
+641.250E-03,-28.141E-03,-11.520E-03
+642.400E-03,-16.080E-03,-7.500E-03
+643.550E-03,-12.060E-03,-23.580E-03
+644.700E-03,+0.0E+00,-23.078E-03
+645.850E-03,+12.060E-03,-19.560E-03
+647.000E-03,+0.0E+00,-15.038E-03
+648.150E-03,-3.518E-03,-19.560E-03
+649.300E-03,+15.578E-03,+8.078E-03
+650.450E-03,+3.518E-03,+540E-06
+651.600E-03,+7.538E-03,+8.078E-03
+652.750E-03,+0.0E+00,+16.621E-03
+653.900E-03,+0.0E+00,+8.580E-03
+655.050E-03,-3.518E-03,+12.098E-03
+656.200E-03,-16.080E-03,+16.118E-03
+657.350E-03,-27.638E-03,+38E-06
+658.500E-03,-48.241E-03,+16.118E-03
+659.650E-03,-56.281E-03,-11.520E-03
+660.800E-03,-47.739E-03,-39.158E-03
+661.950E-03,-24.121E-03,-27.098E-03
+663.100E-03,-23.618E-03,-23.580E-03
+664.250E-03,-11.558E-03,-15.540E-03
+665.400E-03,-15.578E-03,-7.500E-03
+666.550E-03,-16.080E-03,-15.540E-03
+667.700E-03,-23.618E-03,+540E-06
+668.850E-03,-3.518E-03,-11.520E-03
+670.000E-03,-16.080E-03,-15.038E-03
+671.150E-03,-20.101E-03,-3.982E-03
+672.300E-03,-31.658E-03,-7.500E-03
+673.450E-03,-8.040E-03,-11.018E-03
+674.600E-03,-16.080E-03,+16.118E-03
+675.750E-03,-8.040E-03,+540E-06
+676.900E-03,-31.658E-03,-7.500E-03
+678.050E-03,-24.121E-03,+540E-06
+679.200E-03,-16.080E-03,+540E-06
+680.350E-03,-43.719E-03,+540E-06
+681.500E-03,-71.859E-03,+540E-06
+682.650E-03,-43.719E-03,-31.621E-03
+683.800E-03,-16.080E-03,-39.661E-03
+684.950E-03,-11.558E-03,-27.098E-03
+686.100E-03,-23.618E-03,-23.580E-03
+687.250E-03,+0.0E+00,-19.058E-03
+688.400E-03,+8.040E-03,-23.580E-03
+689.550E-03,+15.578E-03,-7.500E-03
+690.700E-03,+8.040E-03,+38E-06
+691.850E-03,+8.040E-03,-7.500E-03
+693.000E-03,+8.040E-03,-7.500E-03
+694.150E-03,+12.060E-03,+540E-06
+695.300E-03,+23.618E-03,+8.580E-03
+696.450E-03,+8.040E-03,+4.058E-03
+697.600E-03,+7.538E-03,+24.158E-03
+698.750E-03,+0.0E+00,+24.661E-03
+699.900E-03,+7.538E-03,+16.621E-03
+701.050E-03,+0.0E+00,+32.701E-03
+702.200E-03,-16.080E-03,+40.239E-03
+703.350E-03,-51.759E-03,+40.741E-03
+704.500E-03,-79.899E-03,+24.158E-03
+705.650E-03,-56.281E-03,-7.500E-03
+706.800E-03,-39.698E-03,-7.500E-03
+707.950E-03,-24.121E-03,-11.520E-03
+709.100E-03,-39.698E-03,-7.500E-03
+710.250E-03,-16.080E-03,+540E-06
+711.400E-03,-31.658E-03,-7.500E-03
+712.550E-03,-8.040E-03,-3.480E-03
+713.700E-03,-23.618E-03,-7.500E-03
+714.850E-03,-24.121E-03,-3.480E-03
+716.000E-03,-23.618E-03,-7.500E-03
+717.150E-03,-32.161E-03,-11.018E-03
+718.300E-03,-16.080E-03,+38E-06
+719.450E-03,-24.121E-03,-3.480E-03
+720.600E-03,-31.658E-03,-7.500E-03
+721.750E-03,-27.638E-03,-3.982E-03
+722.900E-03,-56.281E-03,-23.580E-03
+724.050E-03,-56.281E-03,-23.580E-03
+725.200E-03,-64.322E-03,-31.621E-03
+726.350E-03,-43.719E-03,-71.822E-03
+727.500E-03,-15.578E-03,-79.359E-03
+728.650E-03,-4.020E-03,-43.178E-03
+729.800E-03,+0.0E+00,-47.198E-03
+730.950E-03,+8.040E-03,-19.058E-03
+732.100E-03,+0.0E+00,-31.621E-03
+733.250E-03,+11.558E-03,-23.580E-03
+734.400E-03,+23.618E-03,-15.540E-03
+735.550E-03,+20.101E-03,-3.480E-03
+736.700E-03,+8.040E-03,-7.500E-03
+737.850E-03,+19.598E-03,-11.018E-03
+739.000E-03,+16.080E-03,-15.038E-03
+740.150E-03,+16.080E-03,+8.580E-03
+741.300E-03,+15.578E-03,+540E-06
+742.450E-03,+19.598E-03,+12.098E-03
+743.600E-03,+7.538E-03,+24.661E-03
+744.750E-03,-8.040E-03,+36.721E-03
+745.900E-03,+0.0E+00,+56.822E-03
+747.050E-03,-48.241E-03,+72.902E-03
+748.200E-03,-64.322E-03,+56.319E-03
+749.350E-03,-71.859E-03,+28.178E-03
+750.500E-03,-63.819E-03,+8.078E-03
+751.650E-03,-35.678E-03,+8.078E-03
+752.800E-03,-39.698E-03,+8.078E-03
+753.950E-03,-32.161E-03,-7.500E-03
+755.100E-03,-24.121E-03,+38E-06
+756.250E-03,-24.121E-03,-7.500E-03
+757.400E-03,-31.658E-03,-7.500E-03
+758.550E-03,-24.121E-03,-19.560E-03
+759.700E-03,-47.739E-03,+8.580E-03
+760.850E-03,-24.121E-03,+4.058E-03
+762.000E-03,-24.121E-03,+540E-06
+763.150E-03,-28.141E-03,-11.018E-03
+764.300E-03,-24.121E-03,-7.500E-03
+765.450E-03,-40.201E-03,-23.580E-03
+766.600E-03,-40.201E-03,-15.540E-03
+767.750E-03,-63.819E-03,-27.098E-03
+768.900E-03,-71.859E-03,-71.319E-03
+770.050E-03,-43.719E-03,-107.500E-03
+771.200E-03,-8.040E-03,-87.399E-03
+772.350E-03,-4.020E-03,-67.802E-03
+773.500E-03,+23.618E-03,-47.701E-03
+774.650E-03,+24.121E-03,-35.641E-03
+775.800E-03,+39.698E-03,-15.540E-03
+776.950E-03,+19.598E-03,-23.580E-03
+778.100E-03,+23.618E-03,-31.118E-03
+779.250E-03,+20.101E-03,-19.058E-03
+780.400E-03,+23.618E-03,+38E-06
+781.550E-03,+16.080E-03,-11.520E-03
+782.700E-03,+16.080E-03,-7.500E-03
+783.850E-03,+16.080E-03,+8.580E-03
+785.000E-03,+31.658E-03,-7.500E-03
+786.150E-03,+24.121E-03,+24.661E-03
+787.300E-03,+16.080E-03,+40.741E-03
+788.450E-03,+12.060E-03,+40.741E-03
+789.600E-03,+15.578E-03,+80.942E-03
+790.750E-03,-23.618E-03,+105.063E-03
+791.900E-03,-56.281E-03,+104.560E-03
+793.050E-03,-72.362E-03,+48.781E-03
+794.200E-03,-63.819E-03,+16.621E-03
+795.350E-03,-40.201E-03,+4.058E-03
+796.500E-03,-47.739E-03,+8.078E-03
+797.650E-03,-32.161E-03,+4.560E-03
+798.800E-03,-24.121E-03,+38E-06
+799.950E-03,-31.658E-03,-11.018E-03
+801.100E-03,-39.698E-03,-23.078E-03
+802.250E-03,-32.161E-03,-7.500E-03
+803.400E-03,-31.658E-03,+8.580E-03
+804.550E-03,-27.638E-03,+540E-06
+805.700E-03,-39.698E-03,+38E-06
+806.850E-03,-28.141E-03,-3.982E-03
+808.000E-03,-32.161E-03,-23.078E-03
+809.150E-03,-51.759E-03,-15.540E-03
+810.300E-03,-48.241E-03,-31.118E-03
+811.450E-03,-59.799E-03,-43.681E-03
+812.600E-03,-80.402E-03,-71.822E-03
+813.750E-03,-51.759E-03,-108.003E-03
+814.900E-03,-23.618E-03,-112.023E-03
+816.050E-03,+16.080E-03,-87.902E-03
+817.200E-03,+24.121E-03,-79.862E-03
+818.350E-03,+24.121E-03,-51.219E-03
+819.500E-03,+24.121E-03,-31.118E-03
+820.650E-03,+28.141E-03,-23.580E-03
+821.800E-03,+23.618E-03,-23.580E-03
+822.950E-03,+24.121E-03,-11.018E-03
+824.100E-03,+24.121E-03,+24.158E-03
+825.250E-03,+23.618E-03,-11.018E-03
+826.400E-03,+23.618E-03,+540E-06
+827.550E-03,+20.101E-03,-7.500E-03
+828.700E-03,+24.121E-03,+540E-06
+829.850E-03,+19.598E-03,+20.138E-03
+831.000E-03,+16.080E-03,+24.661E-03
+832.150E-03,+24.121E-03,+48.781E-03
+833.300E-03,+16.080E-03,+80.440E-03
+834.450E-03,+3.518E-03,+88.480E-03
+835.600E-03,-40.201E-03,+105.063E-03
+836.750E-03,-71.859E-03,+64.359E-03
+837.900E-03,-64.322E-03,+40.741E-03
+839.050E-03,-51.759E-03,+24.661E-03
+840.200E-03,-32.161E-03,-7.500E-03
+841.350E-03,-36.181E-03,-3.982E-03
+842.500E-03,-32.161E-03,+38E-06
+843.650E-03,-23.618E-03,-3.480E-03
+844.800E-03,-8.040E-03,-15.038E-03
+845.950E-03,-20.101E-03,-11.018E-03
+847.100E-03,-24.121E-03,+540E-06
+848.250E-03,-23.618E-03,+12.098E-03
+849.400E-03,-31.658E-03,+8.580E-03
+850.550E-03,-40.201E-03,-7.500E-03
+851.700E-03,-32.161E-03,-15.038E-03
+852.850E-03,-35.678E-03,-11.018E-03
+854.000E-03,-48.241E-03,-7.500E-03
+855.150E-03,-64.322E-03,-31.118E-03
+856.300E-03,-72.362E-03,-71.319E-03
+857.450E-03,-80.402E-03,-103.982E-03
+858.600E-03,-31.658E-03,-103.982E-03
+859.750E-03,+12.060E-03,-87.902E-03
+860.900E-03,+0.0E+00,-71.319E-03
+862.050E-03,+16.080E-03,-51.219E-03
+863.200E-03,+32.161E-03,-47.198E-03
+864.350E-03,+32.161E-03,-23.580E-03
+865.500E-03,+39.698E-03,-15.540E-03
+866.650E-03,+16.080E-03,-11.520E-03
+867.800E-03,+24.121E-03,+540E-06
+868.950E-03,+8.040E-03,-19.560E-03
+870.100E-03,+16.080E-03,-23.078E-03
+871.250E-03,+19.598E-03,+4.560E-03
+872.400E-03,+15.578E-03,+8.078E-03
+873.550E-03,+8.040E-03,+8.580E-03
+874.700E-03,+23.618E-03,+24.661E-03
+875.850E-03,+11.558E-03,+32.198E-03
+877.000E-03,+16.080E-03,+64.359E-03
+878.150E-03,+8.040E-03,+72.902E-03
+879.300E-03,-24.121E-03,+104.560E-03
+880.450E-03,-76.382E-03,+80.942E-03
+881.600E-03,-72.362E-03,+56.319E-03
+882.750E-03,-52.261E-03,+24.661E-03
+883.900E-03,-40.201E-03,+8.078E-03
+885.050E-03,-47.739E-03,-7.500E-03
+886.200E-03,-39.698E-03,-15.038E-03
+887.350E-03,-28.141E-03,-7.500E-03
+888.500E-03,-31.658E-03,-15.038E-03
+889.650E-03,-23.618E-03,-19.560E-03
+890.800E-03,-24.121E-03,-7.500E-03
+891.950E-03,-24.121E-03,+8.580E-03
+893.100E-03,-23.618E-03,-7.500E-03
+894.250E-03,-20.101E-03,-3.982E-03
+895.400E-03,-16.080E-03,-7.500E-03
+896.550E-03,-32.161E-03,-11.018E-03
+897.700E-03,-55.779E-03,-15.540E-03
+898.850E-03,-59.799E-03,-19.058E-03
+900.000E-03,-63.819E-03,-31.621E-03
+901.150E-03,-75.879E-03,-83.379E-03
+902.300E-03,-39.698E-03,-103.982E-03
+903.450E-03,+0.0E+00,-91.420E-03
+904.600E-03,+16.080E-03,-71.319E-03
+905.750E-03,+12.060E-03,-55.741E-03
+906.900E-03,+8.040E-03,-39.158E-03
+908.050E-03,+12.060E-03,-31.621E-03
+909.200E-03,+16.080E-03,-15.038E-03
+910.350E-03,+8.040E-03,-3.480E-03
+911.500E-03,+15.578E-03,+38E-06
+912.650E-03,+12.060E-03,-7.500E-03
+913.800E-03,+23.618E-03,-15.038E-03
+914.950E-03,+16.080E-03,-11.018E-03
+916.100E-03,+8.040E-03,+8.580E-03
+917.250E-03,+20.101E-03,+16.118E-03
+918.400E-03,+15.578E-03,+540E-06
+919.550E-03,+16.080E-03,+24.158E-03
+920.700E-03,+16.080E-03,+48.781E-03
+921.850E-03,+8.040E-03,+60.842E-03
+923.000E-03,-24.121E-03,+96.520E-03
+924.150E-03,-56.281E-03,+80.942E-03
+925.300E-03,-71.859E-03,+32.701E-03
+926.450E-03,-36.181E-03,+20.641E-03
+927.600E-03,-47.739E-03,+540E-06
+928.750E-03,-27.638E-03,-3.480E-03
+929.900E-03,-16.080E-03,-7.500E-03
+931.050E-03,-27.638E-03,-11.520E-03
+932.200E-03,-39.698E-03,-15.038E-03
+933.350E-03,-32.161E-03,-15.540E-03
+934.500E-03,-31.658E-03,-7.500E-03
+935.650E-03,-12.060E-03,+8.580E-03
+936.800E-03,-16.080E-03,-7.500E-03
+937.950E-03,-24.121E-03,-3.982E-03
+939.100E-03,-24.121E-03,-15.038E-03
+940.250E-03,-35.678E-03,+4.058E-03
+941.400E-03,-32.161E-03,-7.500E-03
+942.550E-03,-43.719E-03,+38E-06
+943.700E-03,-48.241E-03,-47.198E-03
+944.850E-03,-64.322E-03,-43.681E-03
+946.000E-03,-55.779E-03,-87.902E-03
+947.150E-03,-8.040E-03,-71.822E-03
+948.300E-03,-7.538E-03,-47.701E-03
+949.450E-03,+0.0E+00,-47.701E-03
+950.600E-03,+8.040E-03,-31.118E-03
+951.750E-03,+16.080E-03,-15.540E-03
+952.900E-03,+7.538E-03,-23.078E-03
+954.050E-03,+16.080E-03,-7.500E-03
+955.200E-03,+31.658E-03,-7.500E-03
+956.350E-03,+8.040E-03,-3.982E-03
+957.500E-03,+7.538E-03,-15.038E-03
+958.650E-03,+12.060E-03,-11.520E-03
+959.800E-03,+0.0E+00,+8.078E-03
+960.950E-03,+12.060E-03,-3.982E-03
+962.100E-03,+7.538E-03,+8.078E-03
+963.250E-03,+7.538E-03,+12.098E-03
+964.400E-03,+0.0E+00,+16.621E-03
+965.550E-03,-3.518E-03,+40.239E-03
+966.700E-03,-23.618E-03,+72.902E-03
+967.850E-03,-56.281E-03,+68.379E-03
+969.000E-03,-71.859E-03,+16.621E-03
+970.150E-03,-51.759E-03,+540E-06
+971.300E-03,-47.739E-03,-7.500E-03
+972.450E-03,-28.141E-03,-7.500E-03
+973.600E-03,-16.080E-03,-15.540E-03
+974.750E-03,-19.598E-03,+38E-06
+975.900E-03,-15.578E-03,-23.580E-03
+977.050E-03,-8.040E-03,-11.018E-03
+978.200E-03,-15.578E-03,-7.500E-03
+979.350E-03,+0.0E+00,-7.500E-03
+980.500E-03,-8.040E-03,+540E-06
+981.650E-03,-8.040E-03,-3.982E-03
+982.800E-03,-16.080E-03,+38E-06
+983.950E-03,-16.080E-03,-3.480E-03
+985.100E-03,-39.698E-03,+16.118E-03
+986.250E-03,-36.181E-03,+38E-06
+987.400E-03,-47.739E-03,-7.500E-03
+988.550E-03,-56.281E-03,-23.580E-03
+989.700E-03,-48.241E-03,-55.741E-03
+990.850E-03,-27.638E-03,-55.741E-03
+992.000E-03,-8.040E-03,-63.279E-03
+993.150E-03,+0.0E+00,-47.701E-03
+994.300E-03,-7.538E-03,-23.580E-03
+995.450E-03,-4.020E-03,-19.058E-03
+996.600E-03,-7.538E-03,-15.540E-03
+997.750E-03,+11.558E-03,-15.540E-03
+998.900E-03,+8.040E-03,-7.500E-03
+1.000050E+00,-8.040E-03,-7.500E-03
+1.001200E+00,-15.578E-03,+38E-06
+1.002350E+00,-11.558E-03,-3.480E-03
+1.003500E+00,+0.0E+00,+8.078E-03
+1.004650E+00,-3.518E-03,+540E-06
+1.005800E+00,-16.080E-03,+16.621E-03
+1.006950E+00,-8.040E-03,+16.621E-03
+1.008100E+00,-16.080E-03,+16.621E-03
+1.009250E+00,-15.578E-03,+24.661E-03
+1.010400E+00,-16.080E-03,+24.661E-03
+1.011550E+00,-39.698E-03,+40.239E-03
+1.012700E+00,-56.281E-03,+8.580E-03
+1.013850E+00,-55.779E-03,-3.982E-03
+1.015000E+00,-32.161E-03,-15.540E-03
+1.016150E+00,-16.080E-03,-11.520E-03
+1.017300E+00,-16.080E-03,-7.500E-03
+1.018450E+00,+0.0E+00,-15.540E-03
+1.019600E+00,-7.538E-03,-7.500E-03
+1.020750E+00,-8.040E-03,-7.500E-03
+1.021900E+00,-8.040E-03,-15.038E-03
+1.023050E+00,-8.040E-03,-3.982E-03
+1.024200E+00,+7.538E-03,-7.500E-03
+1.025350E+00,-4.020E-03,+4.058E-03
+1.026500E+00,-7.538E-03,+8.078E-03
+1.027650E+00,-4.020E-03,+540E-06
+1.028800E+00,-8.040E-03,+540E-06
+1.029950E+00,-19.598E-03,+540E-06
+1.031100E+00,-24.121E-03,+540E-06
+1.032250E+00,-35.678E-03,+38E-06
+1.033400E+00,-40.201E-03,-15.540E-03
+1.034550E+00,-43.719E-03,-35.641E-03
+1.035700E+00,-39.698E-03,-47.198E-03
+1.036850E+00,-8.040E-03,-27.098E-03
+1.038000E+00,-16.080E-03,-15.540E-03
+1.039150E+00,-4.020E-03,-15.038E-03
+1.040300E+00,-7.538E-03,-7.500E-03
+1.041450E+00,-11.558E-03,-15.038E-03
+1.042600E+00,-8.040E-03,-7.500E-03
+1.043750E+00,-4.020E-03,-3.982E-03
+1.044900E+00,+0.0E+00,+38E-06
+1.046050E+00,-4.020E-03,-7.500E-03
+1.047200E+00,-8.040E-03,-7.500E-03
+1.048350E+00,+0.0E+00,+540E-06
+1.049500E+00,-16.080E-03,+38E-06
+1.050650E+00,-19.598E-03,+4.058E-03
+1.051800E+00,-16.080E-03,+540E-06
+1.052950E+00,-28.141E-03,+4.058E-03
+1.054100E+00,-32.161E-03,+8.580E-03
+1.055250E+00,-40.201E-03,+8.580E-03
+1.056400E+00,-48.241E-03,-7.500E-03
+1.057550E+00,-27.638E-03,-27.098E-03
+1.058700E+00,-8.040E-03,-23.580E-03
+1.059850E+00,-7.538E-03,-27.098E-03
+1.061000E+00,+0.0E+00,+38E-06
+1.062150E+00,+0.0E+00,-23.078E-03
+1.063300E+00,+8.040E-03,+38E-06
+1.064450E+00,+3.518E-03,-11.018E-03
+1.065600E+00,+7.538E-03,-31.118E-03
+1.066750E+00,+3.518E-03,-11.018E-03
+1.067900E+00,+7.538E-03,+8.078E-03
+1.069050E+00,+3.518E-03,+4.560E-03
+1.070200E+00,+8.040E-03,+8.078E-03
+1.071350E+00,+12.060E-03,+8.580E-03
+1.072500E+00,+0.0E+00,+540E-06
+1.073650E+00,-4.020E-03,+20.641E-03
+1.074800E+00,-8.040E-03,+24.158E-03
+1.075950E+00,-32.161E-03,+12.098E-03
+1.077100E+00,-40.201E-03,+8.580E-03
+1.078250E+00,-51.759E-03,+38E-06
+1.079400E+00,-32.161E-03,-15.540E-03
+1.080550E+00,-24.121E-03,-19.058E-03
+1.081700E+00,-8.040E-03,-7.500E-03
+1.082850E+00,-23.618E-03,-7.500E-03
+1.084000E+00,-16.080E-03,-23.078E-03
+1.085150E+00,-7.538E-03,-7.500E-03
+1.086300E+00,-8.040E-03,-15.540E-03
+1.087450E+00,-16.080E-03,-19.058E-03
+1.088600E+00,-15.578E-03,+38E-06
+1.089750E+00,-28.141E-03,-3.982E-03
+1.090900E+00,-23.618E-03,+8.078E-03
+1.092050E+00,-20.101E-03,+540E-06
+1.093200E+00,-16.080E-03,+540E-06
+1.094350E+00,-24.121E-03,-15.540E-03
+1.095500E+00,-24.121E-03,+540E-06
+1.096650E+00,-27.638E-03,-3.480E-03
+1.097800E+00,-40.201E-03,+38E-06
+1.098950E+00,-43.719E-03,-7.500E-03
+1.100100E+00,-56.281E-03,-31.621E-03
+1.101250E+00,-24.121E-03,-39.661E-03
+1.102400E+00,+0.0E+00,-39.158E-03
+1.103550E+00,+3.518E-03,-27.601E-03
+1.104700E+00,+7.538E-03,-23.580E-03
+1.105850E+00,+11.558E-03,-31.118E-03
+1.107000E+00,+0.0E+00,-15.540E-03
+1.108150E+00,+11.558E-03,-15.540E-03
+1.109300E+00,+15.578E-03,-15.038E-03
+1.110450E+00,+0.0E+00,-3.982E-03
+1.111600E+00,+0.0E+00,-15.038E-03
+1.112750E+00,+11.558E-03,-7.500E-03
+1.113900E+00,+16.080E-03,-7.500E-03
+1.115050E+00,+16.080E-03,+540E-06
+1.116200E+00,+0.0E+00,+16.118E-03
+1.117350E+00,+8.040E-03,+16.118E-03
+1.118500E+00,-7.538E-03,+8.580E-03
+1.119650E+00,-3.518E-03,+44.259E-03
+1.120800E+00,-16.080E-03,+40.741E-03
+1.121950E+00,-52.261E-03,+44.259E-03
+1.123100E+00,-47.739E-03,+8.580E-03
+1.124250E+00,-40.201E-03,+4.560E-03
+1.125400E+00,-32.161E-03,-7.500E-03
+1.126550E+00,-24.121E-03,-15.038E-03
+1.127700E+00,-31.658E-03,-7.500E-03
+1.128850E+00,-24.121E-03,+4.560E-03
+1.130000E+00,-8.040E-03,-15.540E-03
+1.131150E+00,-19.598E-03,-11.520E-03
+1.132300E+00,-8.040E-03,-7.500E-03
+1.133450E+00,-16.080E-03,-7.500E-03
+1.134600E+00,-24.121E-03,-15.038E-03
+1.135750E+00,-16.080E-03,-3.982E-03
+1.136900E+00,-8.040E-03,-15.038E-03
+1.138050E+00,-19.598E-03,-7.500E-03
+1.139200E+00,-47.739E-03,-7.500E-03
+1.140350E+00,-44.221E-03,-11.520E-03
+1.141500E+00,-40.201E-03,-15.540E-03
+1.142650E+00,-64.322E-03,-31.621E-03
+1.143800E+00,-48.241E-03,-39.661E-03
+1.144950E+00,-15.578E-03,-63.781E-03
+1.146100E+00,+0.0E+00,-63.781E-03
+1.147250E+00,+3.518E-03,-39.661E-03
+1.148400E+00,+23.618E-03,-31.118E-03
+1.149550E+00,+11.558E-03,-23.580E-03
+1.150700E+00,+0.0E+00,+38E-06
+1.151850E+00,+11.558E-03,-3.480E-03
+1.153000E+00,+23.618E-03,-7.500E-03
+1.154150E+00,+8.040E-03,-3.480E-03
+1.155300E+00,+15.578E-03,+540E-06
+1.156450E+00,+11.558E-03,-3.480E-03
+1.157600E+00,+23.618E-03,+8.078E-03
+1.158750E+00,+11.558E-03,+4.560E-03
+1.159900E+00,+0.0E+00,+16.118E-03
+1.161050E+00,+19.598E-03,+8.580E-03
+1.162200E+00,+0.0E+00,+16.621E-03
+1.163350E+00,+3.518E-03,+36.219E-03
+1.164500E+00,-8.040E-03,+64.359E-03
+1.165650E+00,-48.241E-03,+56.822E-03
+1.166800E+00,-63.819E-03,+32.198E-03
+1.167950E+00,-48.241E-03,+12.601E-03
+1.169100E+00,-24.121E-03,-7.500E-03
+1.170250E+00,-32.161E-03,+4.560E-03
+1.171400E+00,-31.658E-03,+8.078E-03
+1.172550E+00,-11.558E-03,+540E-06
+1.173700E+00,-23.618E-03,+540E-06
+1.174850E+00,-12.060E-03,-3.480E-03
+1.176000E+00,-16.080E-03,-23.078E-03
+1.177150E+00,-35.678E-03,+540E-06
+1.178300E+00,-8.040E-03,+8.078E-03
+1.179450E+00,-24.121E-03,-3.982E-03
+1.180600E+00,-8.040E-03,-7.500E-03
+1.181750E+00,-24.121E-03,-7.500E-03
+1.182900E+00,-39.698E-03,-7.500E-03
+1.184050E+00,-27.638E-03,-11.520E-03
+1.185200E+00,-48.241E-03,-7.500E-03
+1.186350E+00,-51.759E-03,-43.681E-03
+1.187500E+00,-55.779E-03,-55.741E-03
+1.188650E+00,-44.221E-03,-75.339E-03
+1.189800E+00,+0.0E+00,-79.359E-03
+1.190950E+00,+11.558E-03,-43.681E-03
+1.192100E+00,+8.040E-03,-47.198E-03
+1.193250E+00,+15.578E-03,-31.621E-03
+1.194400E+00,+8.040E-03,-31.118E-03
+1.195550E+00,+15.578E-03,-7.500E-03
+1.196700E+00,+15.578E-03,+8.078E-03
+1.197850E+00,+15.578E-03,+540E-06
+1.199000E+00,+15.578E-03,-7.500E-03
+1.200150E+00,+16.080E-03,-15.540E-03
+1.201300E+00,+8.040E-03,+540E-06
+1.202450E+00,+24.121E-03,+4.058E-03
+1.203600E+00,+8.040E-03,+16.118E-03
+1.204750E+00,+8.040E-03,+16.621E-03
+1.205900E+00,+16.080E-03,+24.661E-03
+1.207050E+00,+4.020E-03,+40.741E-03
+1.208200E+00,-7.538E-03,+56.822E-03
+1.209350E+00,-40.201E-03,+60.339E-03
+1.210500E+00,-71.859E-03,+40.741E-03
+1.211650E+00,-55.779E-03,+16.118E-03
+1.212800E+00,-48.241E-03,+540E-06
+1.213950E+00,-36.181E-03,-3.480E-03
+1.215100E+00,-40.201E-03,+540E-06
+1.216250E+00,-28.141E-03,-7.500E-03
+1.217400E+00,-23.618E-03,-7.500E-03
+1.218550E+00,-24.121E-03,-11.018E-03
+1.219700E+00,-31.658E-03,-23.078E-03
+1.220850E+00,-24.121E-03,+540E-06
+1.222000E+00,-8.040E-03,+540E-06
+1.223150E+00,-20.101E-03,+8.580E-03
+1.224300E+00,-8.040E-03,+540E-06
+1.225450E+00,-16.080E-03,-3.480E-03
+1.226600E+00,-32.161E-03,-15.038E-03
+1.227750E+00,-28.141E-03,-11.520E-03
+1.228900E+00,-32.161E-03,-23.580E-03
+1.230050E+00,-52.261E-03,-23.580E-03
+1.231200E+00,-56.281E-03,-63.781E-03
+1.232350E+00,-24.121E-03,-75.842E-03
+1.233500E+00,-8.040E-03,-71.822E-03
+1.234650E+00,+4.020E-03,-51.219E-03
+1.235800E+00,+23.618E-03,-23.580E-03
+1.236950E+00,+11.558E-03,-23.580E-03
+1.238100E+00,+15.578E-03,-23.580E-03
+1.239250E+00,+12.060E-03,-15.038E-03
+1.240400E+00,+16.080E-03,-7.500E-03
+1.241550E+00,+8.040E-03,-11.018E-03
+1.242700E+00,+15.578E-03,-23.078E-03
+1.243850E+00,+12.060E-03,-3.982E-03
+1.245000E+00,+15.578E-03,-7.500E-03
+1.246150E+00,+8.040E-03,+540E-06
+1.247300E+00,+8.040E-03,+540E-06
+1.248450E+00,+12.060E-03,+12.098E-03
+1.249600E+00,+8.040E-03,+40.239E-03
+1.250750E+00,+4.020E-03,+36.219E-03
+1.251900E+00,-7.538E-03,+40.741E-03
+1.253050E+00,-12.060E-03,+76.420E-03
+1.254200E+00,-48.241E-03,+56.822E-03
+1.255350E+00,-60.302E-03,+32.701E-03
+1.256500E+00,-40.201E-03,+32.198E-03
+1.257650E+00,-32.161E-03,+4.058E-03
+1.258800E+00,-31.658E-03,-7.500E-03
+1.259950E+00,-32.161E-03,-3.982E-03
+1.261100E+00,-24.121E-03,-7.500E-03
+1.262250E+00,-19.598E-03,-7.500E-03
+1.263400E+00,-16.080E-03,-7.500E-03
+1.264550E+00,-16.080E-03,+540E-06
+1.265700E+00,-16.080E-03,+540E-06
+1.266850E+00,-20.101E-03,-3.480E-03
+1.268000E+00,-8.040E-03,+540E-06
+1.269150E+00,-24.121E-03,-11.018E-03
+1.270300E+00,-8.040E-03,-7.500E-03
+1.271450E+00,-28.141E-03,-19.058E-03
+1.272600E+00,-40.201E-03,-7.500E-03
+1.273750E+00,-56.281E-03,-19.058E-03
+1.274900E+00,-63.819E-03,-47.701E-03
+1.276050E+00,-39.698E-03,-83.379E-03
+1.277200E+00,+0.0E+00,-71.822E-03
+1.278350E+00,+8.040E-03,-55.741E-03
+1.279500E+00,+8.040E-03,-23.580E-03
+1.280650E+00,+7.538E-03,-31.621E-03
+1.281800E+00,+15.578E-03,-31.118E-03
+1.282950E+00,+16.080E-03,-19.058E-03
+1.284100E+00,+16.080E-03,-7.500E-03
+1.285250E+00,+8.040E-03,+4.058E-03
+1.286400E+00,+0.0E+00,-23.078E-03
+1.287550E+00,+3.518E-03,-7.500E-03
+1.288700E+00,+0.0E+00,-7.500E-03
+1.289850E+00,+12.060E-03,-3.982E-03
+1.291000E+00,+8.040E-03,-7.500E-03
+1.292150E+00,+7.538E-03,+8.078E-03
+1.293300E+00,+15.578E-03,+8.580E-03
+1.294450E+00,+16.080E-03,+28.681E-03
+1.295600E+00,-8.040E-03,+40.741E-03
+1.296750E+00,-12.060E-03,+56.822E-03
+1.297900E+00,-40.201E-03,+80.440E-03
+1.299050E+00,-59.799E-03,+36.721E-03
+1.300200E+00,-40.201E-03,+16.621E-03
+1.301350E+00,-40.201E-03,+8.580E-03
+1.302500E+00,-24.121E-03,-7.500E-03
+1.303650E+00,-16.080E-03,-11.520E-03
+1.304800E+00,-31.658E-03,+8.078E-03
+1.305950E+00,-19.598E-03,-11.520E-03
+1.307100E+00,-16.080E-03,-7.500E-03
+1.308250E+00,-20.101E-03,-11.520E-03
+1.309400E+00,-24.121E-03,+8.078E-03
+1.310550E+00,-12.060E-03,-11.520E-03
+1.311700E+00,-23.618E-03,+8.580E-03
+1.312850E+00,-24.121E-03,-11.520E-03
+1.314000E+00,-16.080E-03,-15.038E-03
+1.315150E+00,-24.121E-03,-11.520E-03
+1.316300E+00,-24.121E-03,-15.540E-03
+1.317450E+00,-48.241E-03,-31.621E-03
+1.318600E+00,-48.241E-03,-31.621E-03
+1.319750E+00,-55.779E-03,-63.279E-03
+1.320900E+00,-39.698E-03,-71.822E-03
+1.322050E+00,+0.0E+00,-51.219E-03
+1.323200E+00,-7.538E-03,-39.158E-03
+1.324350E+00,+8.040E-03,-27.601E-03
+1.325500E+00,+8.040E-03,-23.078E-03
+1.326650E+00,+0.0E+00,-15.540E-03
+1.327800E+00,+0.0E+00,+38E-06
+1.328950E+00,+8.040E-03,-11.520E-03
+1.330100E+00,+15.578E-03,+38E-06
+1.331250E+00,-3.518E-03,-19.058E-03
+1.332400E+00,+8.040E-03,+38E-06
+1.333550E+00,+11.558E-03,-11.520E-03
+1.334700E+00,-7.538E-03,-7.500E-03
+1.335850E+00,+3.518E-03,-11.520E-03
+1.337000E+00,+8.040E-03,+24.158E-03
+1.338150E+00,+16.080E-03,+28.178E-03
+1.339300E+00,+0.0E+00,+56.319E-03
+1.340450E+00,-11.558E-03,+40.741E-03
+1.341600E+00,-39.698E-03,+32.701E-03
+1.342750E+00,-60.302E-03,+32.701E-03
+1.343900E+00,-47.739E-03,+8.580E-03
+1.345050E+00,-27.638E-03,+4.058E-03
+1.346200E+00,-24.121E-03,-7.500E-03
+1.347350E+00,-15.578E-03,-11.520E-03
+1.348500E+00,-23.618E-03,-23.078E-03
+1.349650E+00,-11.558E-03,-11.018E-03
+1.350800E+00,-8.040E-03,-7.500E-03
+1.351950E+00,-8.040E-03,-11.520E-03
+1.353100E+00,-16.080E-03,+38E-06
+1.354250E+00,-19.598E-03,-3.480E-03
+1.355400E+00,-7.538E-03,+540E-06
+1.356550E+00,-3.518E-03,-3.982E-03
+1.357700E+00,-23.618E-03,+540E-06
+1.358850E+00,-7.538E-03,-3.480E-03
+1.360000E+00,-24.121E-03,+38E-06
+1.361150E+00,-36.181E-03,-3.480E-03
+1.362300E+00,-55.779E-03,-7.500E-03
+1.363450E+00,-48.241E-03,-35.138E-03
+1.364600E+00,-16.080E-03,-63.279E-03
+1.365750E+00,-8.040E-03,-51.219E-03
+1.366900E+00,+0.0E+00,-39.661E-03
+1.368050E+00,-3.518E-03,-23.580E-03
+1.369200E+00,+7.538E-03,-7.500E-03
+1.370350E+00,+0.0E+00,-19.058E-03
+1.371500E+00,+0.0E+00,-7.500E-03
+1.372650E+00,+0.0E+00,+38E-06
+1.373800E+00,-7.538E-03,-7.500E-03
+1.374950E+00,-8.040E-03,-3.982E-03
+1.376100E+00,+0.0E+00,-7.500E-03
+1.377250E+00,-4.020E-03,-19.560E-03
+1.378400E+00,+0.0E+00,+540E-06
+1.379550E+00,-3.518E-03,+12.098E-03
+1.380700E+00,+7.538E-03,+8.078E-03
+1.381850E+00,+0.0E+00,+16.621E-03
+1.383000E+00,-15.578E-03,+24.158E-03
+1.384150E+00,-3.518E-03,+36.721E-03
+1.385300E+00,-32.161E-03,+32.701E-03
+1.386450E+00,-56.281E-03,+20.138E-03
+1.387600E+00,-24.121E-03,+540E-06
+1.388750E+00,-24.121E-03,-11.520E-03
+1.389900E+00,-8.040E-03,-7.500E-03
+1.391050E+00,-8.040E-03,-3.982E-03
+1.392200E+00,-16.080E-03,-15.540E-03
+1.393350E+00,-7.538E-03,-3.982E-03
+1.394500E+00,-8.040E-03,-7.500E-03
+1.395650E+00,-8.040E-03,-3.982E-03
+1.396800E+00,-7.538E-03,+540E-06
+1.397950E+00,-15.578E-03,-7.500E-03
+1.399100E+00,-7.538E-03,-15.038E-03
+1.400250E+00,+4.020E-03,-11.520E-03
+1.401400E+00,-7.538E-03,-15.038E-03
+1.402550E+00,-11.558E-03,-3.982E-03
+1.403700E+00,-23.618E-03,-15.038E-03
+1.404850E+00,-24.121E-03,+38E-06
+1.406000E+00,-24.121E-03,-23.078E-03
+1.407150E+00,-43.719E-03,-27.098E-03
+1.408300E+00,-31.658E-03,-39.661E-03
+1.409450E+00,-16.080E-03,-35.641E-03
+1.410600E+00,+0.0E+00,-31.118E-03
+1.411750E+00,+4.020E-03,-19.560E-03
+1.412900E+00,-7.538E-03,-7.500E-03
+1.414050E+00,+0.0E+00,-15.540E-03
+1.415200E+00,+7.538E-03,+38E-06
+1.416350E+00,-3.518E-03,-3.480E-03
+1.417500E+00,-8.040E-03,-7.500E-03
+1.418650E+00,-8.040E-03,-7.500E-03
+1.419800E+00,-15.578E-03,-7.500E-03
+1.420950E+00,+0.0E+00,+540E-06
+1.422100E+00,-15.578E-03,-7.500E-03
+1.423250E+00,+0.0E+00,-7.500E-03
+1.424400E+00,+15.578E-03,-7.500E-03
+1.425550E+00,+0.0E+00,+16.621E-03
+1.426700E+00,-23.618E-03,+16.118E-03
+1.427850E+00,-15.578E-03,+20.641E-03
+1.429000E+00,-24.121E-03,+32.198E-03
+1.430150E+00,-44.221E-03,+8.580E-03
+1.431300E+00,-32.161E-03,-7.500E-03
+1.432450E+00,-24.121E-03,-11.520E-03
+1.433600E+00,+0.0E+00,-23.078E-03
+1.434750E+00,-8.040E-03,-15.540E-03
+1.435900E+00,-8.040E-03,-7.500E-03
+1.437050E+00,+4.020E-03,-7.500E-03
+1.438200E+00,+0.0E+00,+540E-06
+1.439350E+00,-7.538E-03,-7.500E-03
+1.440500E+00,-15.578E-03,-7.500E-03
+1.441650E+00,-3.518E-03,+540E-06
+1.442800E+00,-8.040E-03,+38E-06
+1.443950E+00,+0.0E+00,+540E-06
+1.445100E+00,+0.0E+00,-15.038E-03
+1.446250E+00,-3.518E-03,+540E-06
+1.447400E+00,+7.538E-03,+540E-06
+1.448550E+00,-11.558E-03,+4.058E-03
+1.449700E+00,-23.618E-03,+540E-06
+1.450850E+00,-40.201E-03,-3.480E-03
+1.452000E+00,-32.161E-03,-7.500E-03
+1.453150E+00,-23.618E-03,-27.098E-03
+1.454300E+00,-23.618E-03,-23.078E-03
+1.455450E+00,-16.080E-03,-11.520E-03
+1.456600E+00,-8.040E-03,-7.500E-03
+1.457750E+00,-16.080E-03,-7.500E-03
+1.458900E+00,-7.538E-03,-7.500E-03
+1.460050E+00,-12.060E-03,-3.480E-03
+1.461200E+00,-15.578E-03,+16.118E-03
+1.462350E+00,-12.060E-03,-7.500E-03
+1.463500E+00,-16.080E-03,+38E-06
+1.464650E+00,-16.080E-03,-11.018E-03
+1.465800E+00,-24.121E-03,+8.078E-03
+1.466950E+00,-16.080E-03,-11.018E-03
+1.468100E+00,-16.080E-03,-7.500E-03
+1.469250E+00,-16.080E-03,-3.480E-03
+1.470400E+00,-16.080E-03,+38E-06
+1.471550E+00,-28.141E-03,+8.580E-03
+1.472700E+00,-32.161E-03,+38E-06
+1.473850E+00,-36.181E-03,-11.520E-03
+1.475000E+00,-31.658E-03,-23.580E-03
+1.476150E+00,-8.040E-03,-27.601E-03
+1.477300E+00,-8.040E-03,-23.078E-03
+1.478450E+00,-4.020E-03,-23.580E-03
+1.479600E+00,+8.040E-03,+38E-06
+1.480750E+00,+4.020E-03,-7.500E-03
+1.481900E+00,+8.040E-03,-15.540E-03
+1.483050E+00,+0.0E+00,-3.982E-03
+1.484200E+00,+7.538E-03,-15.038E-03
+1.485350E+00,-11.558E-03,-3.982E-03
+1.486500E+00,-7.538E-03,+38E-06
+1.487650E+00,+0.0E+00,-11.018E-03
+1.488800E+00,+15.578E-03,+38E-06
+1.489950E+00,+4.020E-03,+8.580E-03
+1.491100E+00,+7.538E-03,+8.078E-03
+1.492250E+00,-3.518E-03,+12.601E-03
+1.493400E+00,-8.040E-03,+24.158E-03
+1.494550E+00,-16.080E-03,+28.681E-03
+1.495700E+00,-40.201E-03,+16.621E-03
+1.496850E+00,-23.618E-03,-7.500E-03
+1.498000E+00,-32.161E-03,-23.078E-03
+1.499150E+00,-19.598E-03,-7.500E-03
+1.500300E+00,-24.121E-03,-7.500E-03
+1.501450E+00,-8.040E-03,-19.058E-03
+1.502600E+00,-23.618E-03,-7.500E-03
+1.503750E+00,-16.080E-03,-11.520E-03
+1.504900E+00,-16.080E-03,+540E-06
+1.506050E+00,-24.121E-03,+540E-06
+1.507200E+00,+0.0E+00,+540E-06
+1.508350E+00,-16.080E-03,-3.480E-03
+1.509500E+00,-16.080E-03,+8.580E-03
+1.510650E+00,-15.578E-03,+540E-06
+1.511800E+00,-23.618E-03,+8.078E-03
+1.512950E+00,-16.080E-03,-7.500E-03
+1.514100E+00,-24.121E-03,-7.500E-03
+1.515250E+00,-27.638E-03,-7.500E-03
+1.516400E+00,-31.658E-03,-15.038E-03
+1.517550E+00,-40.201E-03,-31.621E-03
+1.518700E+00,-39.698E-03,-39.661E-03
+1.519850E+00,-3.518E-03,-23.078E-03
+1.521000E+00,+0.0E+00,-31.621E-03
+1.522150E+00,+0.0E+00,-23.580E-03
+1.523300E+00,+0.0E+00,-31.118E-03
+1.524450E+00,+11.558E-03,-15.540E-03
+1.525600E+00,+8.040E-03,-15.038E-03
+1.526750E+00,+8.040E-03,+540E-06
+1.527900E+00,+15.578E-03,+540E-06
+1.529050E+00,-3.518E-03,-11.018E-03
+1.530200E+00,+15.578E-03,+38E-06
+1.531350E+00,+12.060E-03,-3.480E-03
+1.532500E+00,+8.040E-03,-7.500E-03
+1.533650E+00,+7.538E-03,+4.058E-03
+1.534800E+00,+23.618E-03,+16.118E-03
+1.535950E+00,+4.020E-03,+16.118E-03
+1.537100E+00,+0.0E+00,+16.621E-03
+1.538250E+00,-12.060E-03,+20.138E-03
+1.539400E+00,-24.121E-03,+40.239E-03
+1.540550E+00,-28.141E-03,+12.098E-03
+1.541700E+00,-32.161E-03,+16.118E-03
+1.542850E+00,-35.678E-03,+4.058E-03
+1.544000E+00,-31.658E-03,-7.500E-03
+1.545150E+00,-19.598E-03,-7.500E-03
+1.546300E+00,-8.040E-03,-15.540E-03
+1.547450E+00,-8.040E-03,+540E-06
+1.548600E+00,+0.0E+00,+38E-06
+1.549750E+00,-27.638E-03,-7.500E-03
+1.550900E+00,-23.618E-03,-7.500E-03
+1.552050E+00,-16.080E-03,-3.480E-03
+1.553200E+00,-23.618E-03,-7.500E-03
+1.554350E+00,-20.101E-03,-7.500E-03
+1.555500E+00,-7.538E-03,-7.500E-03
+1.556650E+00,-16.080E-03,-11.018E-03
+1.557800E+00,-23.618E-03,-15.038E-03
+1.558950E+00,-28.141E-03,-15.540E-03
+1.560100E+00,-32.161E-03,-23.078E-03
+1.561250E+00,-44.221E-03,-31.621E-03
+1.562400E+00,-24.121E-03,-63.279E-03
+1.563550E+00,-3.518E-03,-43.681E-03
+1.564700E+00,-7.538E-03,-23.580E-03
+1.565850E+00,+16.080E-03,-35.641E-03
+1.567000E+00,+0.0E+00,-15.540E-03
+1.568150E+00,+7.538E-03,-19.560E-03
+1.569300E+00,+23.618E-03,-15.038E-03
+1.570450E+00,+0.0E+00,-7.500E-03
+1.571600E+00,+15.578E-03,-7.500E-03
+1.572750E+00,-4.020E-03,-11.520E-03
+1.573900E+00,+8.040E-03,-7.500E-03
+1.575050E+00,+3.518E-03,+540E-06
+1.576200E+00,+8.040E-03,+16.118E-03
+1.577350E+00,+12.060E-03,+540E-06
+1.578500E+00,+15.578E-03,+8.580E-03
+1.579650E+00,+3.518E-03,+4.058E-03
+1.580800E+00,+0.0E+00,+24.661E-03
+1.581950E+00,+0.0E+00,+40.239E-03
+1.583100E+00,-31.658E-03,+56.319E-03
+1.584250E+00,-40.201E-03,+32.701E-03
+1.585400E+00,-47.739E-03,+540E-06
+1.586550E+00,-24.121E-03,+4.058E-03
+1.587700E+00,-24.121E-03,+540E-06
+1.588850E+00,-19.598E-03,+38E-06
+1.590000E+00,-31.658E-03,-7.500E-03
+1.591150E+00,-16.080E-03,-3.480E-03
+1.592300E+00,-16.080E-03,+38E-06
+1.593450E+00,-24.121E-03,-7.500E-03
+1.594600E+00,-31.658E-03,+38E-06
+1.595750E+00,-24.121E-03,-11.018E-03
+1.596900E+00,-23.618E-03,+38E-06
+1.598050E+00,-7.538E-03,-7.500E-03
+1.599200E+00,-8.040E-03,-7.500E-03
+1.600350E+00,-20.101E-03,-11.018E-03
+1.601500E+00,-8.040E-03,-23.078E-03
+1.602650E+00,-27.638E-03,-19.560E-03
+1.603800E+00,-40.201E-03,-15.540E-03
+1.604950E+00,-43.719E-03,-35.641E-03
+1.606100E+00,-31.658E-03,-55.741E-03
+1.607250E+00,-4.020E-03,-51.721E-03
+1.608400E+00,+0.0E+00,-31.621E-03
+1.609550E+00,+20.101E-03,-31.621E-03
+1.610700E+00,+16.080E-03,-7.500E-03
+1.611850E+00,+16.080E-03,-11.018E-03
+1.613000E+00,+16.080E-03,+38E-06
+1.614150E+00,+0.0E+00,-11.520E-03
+1.615300E+00,+8.040E-03,-15.038E-03
+1.616450E+00,+0.0E+00,-11.520E-03
+1.617600E+00,+0.0E+00,-7.500E-03
+1.618750E+00,+0.0E+00,-15.038E-03
+1.619900E+00,+0.0E+00,-7.500E-03
+1.621050E+00,+19.598E-03,-3.982E-03
+1.622200E+00,+7.538E-03,+8.078E-03
+1.623350E+00,-8.040E-03,+12.098E-03
+1.624500E+00,+16.080E-03,+24.158E-03
+1.625650E+00,+3.518E-03,+28.681E-03
+1.626800E+00,-23.618E-03,+48.781E-03
+1.627950E+00,-36.181E-03,+24.158E-03
+1.629100E+00,-40.201E-03,+8.580E-03
+1.630250E+00,-28.141E-03,+540E-06
+1.631400E+00,-24.121E-03,-7.500E-03
+1.632550E+00,-19.598E-03,-3.982E-03
+1.633700E+00,-16.080E-03,-7.500E-03
+1.634850E+00,-24.121E-03,+4.058E-03
+1.636000E+00,-16.080E-03,-15.038E-03
+1.637150E+00,-7.538E-03,-3.480E-03
+1.638300E+00,-8.040E-03,-15.540E-03
+1.639450E+00,-32.161E-03,+540E-06
+1.640600E+00,-8.040E-03,+38E-06
+1.641750E+00,-19.598E-03,-3.480E-03
+1.642900E+00,-16.080E-03,-7.500E-03
+1.644050E+00,-24.121E-03,-15.038E-03
+1.645200E+00,-16.080E-03,-7.500E-03
+1.646350E+00,-28.141E-03,-15.540E-03
+1.647500E+00,-39.698E-03,-15.540E-03
+1.648650E+00,-32.161E-03,-31.621E-03
+1.649800E+00,-40.201E-03,-63.279E-03
+1.650950E+00,+0.0E+00,-63.279E-03
+1.652100E+00,+7.538E-03,-31.621E-03
+1.653250E+00,+3.518E-03,-31.621E-03
+1.654400E+00,+7.538E-03,-31.118E-03
+1.655550E+00,+7.538E-03,-19.560E-03
+1.656700E+00,+7.538E-03,-23.580E-03
+1.657850E+00,+8.040E-03,-3.982E-03
+1.659000E+00,+15.578E-03,+38E-06
+1.660150E+00,+4.020E-03,-11.520E-03
+1.661300E+00,+7.538E-03,-7.500E-03
+1.662450E+00,+8.040E-03,-15.038E-03
+1.663600E+00,+0.0E+00,+540E-06
+1.664750E+00,-4.020E-03,+540E-06
+1.665900E+00,+8.040E-03,+540E-06
+1.667050E+00,+0.0E+00,+12.601E-03
+1.668200E+00,+7.538E-03,+32.198E-03
+1.669350E+00,+8.040E-03,+20.641E-03
+1.670500E+00,+0.0E+00,+40.741E-03
+1.671650E+00,-40.201E-03,+40.239E-03
+1.672800E+00,-32.161E-03,+8.580E-03
+1.673950E+00,-32.161E-03,+4.058E-03
+1.675100E+00,-16.080E-03,+8.078E-03
+1.676250E+00,-32.161E-03,-15.038E-03
+1.677400E+00,-24.121E-03,-7.500E-03
+1.678550E+00,-12.060E-03,-15.540E-03
+1.679700E+00,-23.618E-03,+38E-06
+1.680850E+00,-16.080E-03,-3.982E-03
+1.682000E+00,-23.618E-03,+38E-06
+1.683150E+00,-15.578E-03,-7.500E-03
+1.684300E+00,-23.618E-03,-7.500E-03
+1.685450E+00,-19.598E-03,-3.480E-03
+1.686600E+00,-23.618E-03,+540E-06
+1.687750E+00,-4.020E-03,-3.982E-03
+1.688900E+00,-24.121E-03,-7.500E-03
+1.690050E+00,-24.121E-03,-7.500E-03
+1.691200E+00,-32.161E-03,-15.540E-03
+1.692350E+00,-32.161E-03,-27.601E-03
+1.693500E+00,-24.121E-03,-47.198E-03
+1.694650E+00,-15.578E-03,-51.721E-03
+1.695800E+00,-8.040E-03,-39.661E-03
+1.696950E+00,+0.0E+00,-35.138E-03
+1.698100E+00,+0.0E+00,-23.078E-03
+1.699250E+00,+8.040E-03,-19.560E-03
+1.700400E+00,+0.0E+00,-7.500E-03
+1.701550E+00,+3.518E-03,-7.500E-03
+1.702700E+00,+15.578E-03,+540E-06
+1.703850E+00,-3.518E-03,-7.500E-03
+1.705000E+00,-8.040E-03,-23.078E-03
+1.706150E+00,+8.040E-03,-11.520E-03
+1.707300E+00,-7.538E-03,-15.540E-03
+1.708450E+00,+3.518E-03,+540E-06
+1.709600E+00,+8.040E-03,+540E-06
+1.710750E+00,+8.040E-03,+4.058E-03
+1.711900E+00,+7.538E-03,+8.078E-03
+1.713050E+00,+12.060E-03,+24.158E-03
+1.714200E+00,-15.578E-03,+24.158E-03
+1.715350E+00,-27.638E-03,+32.701E-03
+1.716500E+00,-32.161E-03,+24.158E-03
+1.717650E+00,-44.221E-03,+4.058E-03
+1.718800E+00,-16.080E-03,+540E-06
+1.719950E+00,-19.598E-03,-11.018E-03
+1.721100E+00,-15.578E-03,+540E-06
+1.722250E+00,-3.518E-03,-3.982E-03
+1.723400E+00,-16.080E-03,-15.540E-03
+1.724550E+00,-16.080E-03,-11.018E-03
+1.725700E+00,-15.578E-03,-7.500E-03
+1.726850E+00,+0.0E+00,-7.500E-03
+1.728000E+00,-15.578E-03,+38E-06
+1.729150E+00,-11.558E-03,-11.520E-03
+1.730300E+00,-8.040E-03,-15.038E-03
+1.731450E+00,-11.558E-03,-11.018E-03
+1.732600E+00,-16.080E-03,-15.038E-03
+1.733750E+00,-8.040E-03,-7.500E-03
+1.734900E+00,-24.121E-03,-7.500E-03
+1.736050E+00,-35.678E-03,-7.500E-03
+1.737200E+00,-40.201E-03,-31.621E-03
+1.738350E+00,-24.121E-03,-39.661E-03
+1.739500E+00,-15.578E-03,-39.661E-03
+1.740650E+00,-12.060E-03,-27.601E-03
+1.741800E+00,+7.538E-03,-31.118E-03
+1.742950E+00,+0.0E+00,-19.058E-03
+1.744100E+00,+7.538E-03,+38E-06
+1.745250E+00,+4.020E-03,-11.520E-03
+1.746400E+00,+7.538E-03,-7.500E-03
+1.747550E+00,+0.0E+00,-3.480E-03
+1.748700E+00,-16.080E-03,+540E-06
+1.749850E+00,-12.060E-03,-15.540E-03
+1.751000E+00,+0.0E+00,-15.038E-03
+1.752150E+00,+0.0E+00,+12.098E-03
+1.753300E+00,+0.0E+00,-7.500E-03
+1.754450E+00,+0.0E+00,+8.078E-03
+1.755600E+00,+0.0E+00,-7.500E-03
+1.756750E+00,+0.0E+00,+12.098E-03
+1.757900E+00,+0.0E+00,+24.661E-03
+1.759050E+00,-20.101E-03,+28.178E-03
+1.760200E+00,-40.201E-03,+8.580E-03
+1.761350E+00,-32.161E-03,-3.982E-03
+1.762500E+00,-16.080E-03,-15.540E-03
+1.763650E+00,-12.060E-03,-11.520E-03
+1.764800E+00,+7.538E-03,-15.038E-03
+1.765950E+00,-3.518E-03,-3.480E-03
+1.767100E+00,-23.618E-03,-15.038E-03
+1.768250E+00,-4.020E-03,+4.058E-03
+1.769400E+00,-15.578E-03,+38E-06
+1.770550E+00,-8.040E-03,-11.520E-03
+1.771700E+00,-15.578E-03,-7.500E-03
+1.772850E+00,+3.518E-03,-15.038E-03
+1.774000E+00,-15.578E-03,-7.500E-03
+1.775150E+00,-11.558E-03,-15.038E-03
+1.776300E+00,-16.080E-03,+8.580E-03
+1.777450E+00,-3.518E-03,-3.982E-03
+1.778600E+00,-8.040E-03,-7.500E-03
+1.779750E+00,-27.638E-03,-7.500E-03
+1.780900E+00,-32.161E-03,-15.038E-03
+1.782050E+00,-40.201E-03,-27.601E-03
+1.783200E+00,-24.121E-03,-31.621E-03
+1.784350E+00,-12.060E-03,-27.601E-03
+1.785500E+00,-7.538E-03,-15.540E-03
+1.786650E+00,-3.518E-03,-15.540E-03
+1.787800E+00,+7.538E-03,-7.500E-03
+1.788950E+00,+4.020E-03,-11.018E-03
+1.790100E+00,-7.538E-03,-15.038E-03
+1.791250E+00,-8.040E-03,-11.520E-03
+1.792400E+00,+0.0E+00,-7.500E-03
+1.793550E+00,-8.040E-03,+540E-06
+1.794700E+00,-15.578E-03,-7.500E-03
+1.795850E+00,-12.060E-03,+4.560E-03
+1.797000E+00,-7.538E-03,+540E-06
+1.798150E+00,-12.060E-03,+540E-06
+1.799300E+00,-15.578E-03,+8.078E-03
+1.800450E+00,-4.020E-03,+8.580E-03
+1.801600E+00,-16.080E-03,+8.078E-03
+1.802750E+00,-20.101E-03,+12.098E-03
+1.803900E+00,-16.080E-03,+16.118E-03
+1.805050E+00,-35.678E-03,-15.540E-03
+1.806200E+00,-24.121E-03,-7.500E-03
+1.807350E+00,-19.598E-03,-23.580E-03
+1.808500E+00,-7.538E-03,-7.500E-03
+1.809650E+00,-12.060E-03,-7.500E-03
+1.810800E+00,+0.0E+00,-7.500E-03
+1.811950E+00,-11.558E-03,-11.018E-03
+1.813100E+00,+0.0E+00,-7.500E-03
+1.814250E+00,+0.0E+00,-7.500E-03
+1.815400E+00,-15.578E-03,+38E-06
+1.816550E+00,-12.060E-03,-15.540E-03
+1.817700E+00,-8.040E-03,+38E-06
+1.818850E+00,-8.040E-03,+4.560E-03
+1.820000E+00,-8.040E-03,+540E-06
+1.821150E+00,+0.0E+00,+4.560E-03
+1.822300E+00,-8.040E-03,+38E-06
+1.823450E+00,-19.598E-03,+4.560E-03
+1.824600E+00,-32.161E-03,+540E-06
+1.825750E+00,-28.141E-03,-19.560E-03
+1.826900E+00,-16.080E-03,-39.158E-03
+1.828050E+00,-24.121E-03,-23.580E-03
+1.829200E+00,+0.0E+00,-15.540E-03
+1.830350E+00,-16.080E-03,-19.058E-03
+1.831500E+00,-15.578E-03,-15.540E-03
+1.832650E+00,+3.518E-03,-3.982E-03
+1.833800E+00,-8.040E-03,-7.500E-03
+1.834950E+00,-3.518E-03,-15.540E-03
+1.836100E+00,-8.040E-03,+8.078E-03
+1.837250E+00,-20.101E-03,-3.982E-03
+1.838400E+00,-8.040E-03,+540E-06
+1.839550E+00,-12.060E-03,-11.018E-03
+1.840700E+00,+0.0E+00,-7.500E-03
+1.841850E+00,-12.060E-03,+4.058E-03
+1.843000E+00,-23.618E-03,+540E-06
+1.844150E+00,-19.598E-03,+38E-06
+1.845300E+00,-24.121E-03,+8.580E-03
+1.846450E+00,-11.558E-03,+4.560E-03
+1.847600E+00,-24.121E-03,-7.500E-03
+1.848750E+00,-32.161E-03,-11.520E-03
+1.849900E+00,-24.121E-03,-15.038E-03
+1.851050E+00,-3.518E-03,-15.540E-03
+1.852200E+00,-8.040E-03,-15.540E-03
+1.853350E+00,-8.040E-03,-15.540E-03
+1.854500E+00,-7.538E-03,-15.038E-03
+1.855650E+00,+0.0E+00,-7.500E-03
+1.856800E+00,-15.578E-03,-23.078E-03
+1.857950E+00,-24.121E-03,-7.500E-03
+1.859100E+00,+0.0E+00,-7.500E-03
+1.860250E+00,-4.020E-03,-11.520E-03
+1.861400E+00,+7.538E-03,+38E-06
+1.862550E+00,+4.020E-03,-11.018E-03
+1.863700E+00,+0.0E+00,+540E-06
+1.864850E+00,-8.040E-03,+540E-06
+1.866000E+00,+0.0E+00,-7.500E-03
+1.867150E+00,-19.598E-03,+12.601E-03
+1.868300E+00,-39.698E-03,+16.118E-03
+1.869450E+00,-28.141E-03,+540E-06
+1.870600E+00,-31.658E-03,-23.580E-03
+1.871750E+00,-16.080E-03,-7.500E-03
+1.872900E+00,-31.658E-03,-15.540E-03
+1.874050E+00,-8.040E-03,-19.560E-03
+1.875200E+00,-8.040E-03,-7.500E-03
+1.876350E+00,-8.040E-03,-7.500E-03
+1.877500E+00,+0.0E+00,-7.500E-03
+1.878650E+00,-8.040E-03,-7.500E-03
+1.879800E+00,-8.040E-03,-7.500E-03
+1.880950E+00,-28.141E-03,+8.078E-03
+1.882100E+00,+0.0E+00,-7.500E-03
+1.883250E+00,-3.518E-03,-19.058E-03
+1.884400E+00,+7.538E-03,-23.078E-03
+1.885550E+00,-20.101E-03,-3.982E-03
+1.886700E+00,-23.618E-03,-7.500E-03
+1.887850E+00,-15.578E-03,+540E-06
+1.889000E+00,-16.080E-03,-7.500E-03
+1.890150E+00,-28.141E-03,-15.038E-03
+1.891300E+00,-55.779E-03,-7.500E-03
+1.892450E+00,-28.141E-03,-27.098E-03
+1.893600E+00,-8.040E-03,-23.580E-03
+1.894750E+00,-4.020E-03,-23.580E-03
+1.895900E+00,+8.040E-03,-7.500E-03
+1.897050E+00,+0.0E+00,-7.500E-03
+1.898200E+00,-23.618E-03,-15.038E-03
+1.899350E+00,+0.0E+00,-7.500E-03
+1.900500E+00,+7.538E-03,-7.500E-03
+1.901650E+00,-3.518E-03,-3.982E-03
+1.902800E+00,-7.538E-03,+38E-06
+1.903950E+00,+3.518E-03,-11.520E-03
+1.905100E+00,+0.0E+00,+38E-06
+1.906250E+00,-3.518E-03,-7.500E-03
+1.907400E+00,-7.538E-03,+38E-06
+1.908550E+00,+4.020E-03,-3.480E-03
+1.909700E+00,+0.0E+00,+540E-06
+1.910850E+00,+0.0E+00,+16.118E-03
+1.912000E+00,-8.040E-03,+8.580E-03
+1.913150E+00,-16.080E-03,+12.601E-03
+1.914300E+00,-24.121E-03,+8.078E-03
+1.915450E+00,-35.678E-03,-11.520E-03
+1.916600E+00,-24.121E-03,+38E-06
+1.917750E+00,-20.101E-03,-7.500E-03
+1.918900E+00,-16.080E-03,-7.500E-03
+1.920050E+00,-12.060E-03,+540E-06
+1.921200E+00,+0.0E+00,+8.078E-03
+1.922350E+00,-16.080E-03,-3.982E-03
+1.923500E+00,-23.618E-03,+8.078E-03
+1.924650E+00,-16.080E-03,-3.480E-03
+1.925800E+00,-16.080E-03,-23.580E-03
+1.926950E+00,-16.080E-03,-7.500E-03
+1.928100E+00,+0.0E+00,-7.500E-03
+1.929250E+00,-11.558E-03,-7.500E-03
+1.930400E+00,-15.578E-03,-7.500E-03
+1.931550E+00,-19.598E-03,+540E-06
+1.932700E+00,-24.121E-03,+540E-06
+1.933850E+00,-24.121E-03,-11.018E-03
+1.935000E+00,-24.121E-03,-23.078E-03
+1.936150E+00,-28.141E-03,-27.601E-03
+1.937300E+00,-16.080E-03,-31.621E-03
+1.938450E+00,-8.040E-03,-27.098E-03
+1.939600E+00,+8.040E-03,-23.078E-03
+1.940750E+00,+0.0E+00,-15.540E-03
+1.941900E+00,+7.538E-03,-7.500E-03
+1.943050E+00,+0.0E+00,-7.500E-03
+1.944200E+00,+0.0E+00,-7.500E-03
+1.945350E+00,+0.0E+00,-7.500E-03
+1.946500E+00,+0.0E+00,+8.078E-03
+1.947650E+00,-3.518E-03,+4.058E-03
+1.948800E+00,+0.0E+00,-7.500E-03
+1.949950E+00,+11.558E-03,-7.500E-03
+1.951100E+00,+0.0E+00,-15.038E-03
+1.952250E+00,+7.538E-03,+8.078E-03
+1.953400E+00,+7.538E-03,+24.158E-03
+1.954550E+00,+3.518E-03,+8.580E-03
+1.955700E+00,+0.0E+00,+32.198E-03
+1.956850E+00,-16.080E-03,+20.138E-03
+1.958000E+00,-32.161E-03,+16.621E-03
+1.959150E+00,-35.678E-03,+8.580E-03
+1.960300E+00,-31.658E-03,+8.078E-03
+1.961450E+00,-24.121E-03,-3.480E-03
+1.962600E+00,-16.080E-03,+540E-06
+1.963750E+00,-12.060E-03,-7.500E-03
+1.964900E+00,-8.040E-03,+540E-06
+1.966050E+00,-19.598E-03,-3.982E-03
+1.967200E+00,-16.080E-03,+38E-06
+1.968350E+00,-15.578E-03,-7.500E-03
+1.969500E+00,-24.121E-03,-7.500E-03
+1.970650E+00,-7.538E-03,-11.520E-03
+1.971800E+00,-24.121E-03,-15.038E-03
+1.972950E+00,-11.558E-03,-7.500E-03
+1.974100E+00,-16.080E-03,+540E-06
+1.975250E+00,-12.060E-03,-3.480E-03
+1.976400E+00,-31.658E-03,-7.500E-03
+1.977550E+00,-28.141E-03,-11.520E-03
+1.978700E+00,-24.121E-03,-31.118E-03
+1.979850E+00,-40.201E-03,-19.560E-03
+1.981000E+00,-23.618E-03,-39.158E-03
+1.982150E+00,-12.060E-03,-35.641E-03
+1.983300E+00,+7.538E-03,-15.540E-03
+1.984450E+00,+3.518E-03,-31.621E-03
+1.985600E+00,+7.538E-03,-15.540E-03
+1.986750E+00,+16.080E-03,-11.018E-03
+1.987900E+00,+0.0E+00,+38E-06
+1.989050E+00,+16.080E-03,+38E-06
+1.990200E+00,-7.538E-03,-7.500E-03
+1.991350E+00,+0.0E+00,-7.500E-03
+1.992500E+00,+0.0E+00,-15.038E-03
+1.993650E+00,+12.060E-03,+4.560E-03
+1.994800E+00,+15.578E-03,-7.500E-03
+1.995950E+00,+16.080E-03,-3.982E-03
+1.997100E+00,-7.538E-03,+16.118E-03
+1.998250E+00,-8.040E-03,+20.641E-03
+1.999400E+00,+7.538E-03,+24.661E-03
+2.000550E+00,-19.598E-03,+28.681E-03
+2.001700E+00,-31.658E-03,+16.621E-03
+2.002850E+00,-27.638E-03,+8.078E-03
+2.004000E+00,-16.080E-03,+16.621E-03
+2.005150E+00,-32.161E-03,-7.500E-03
+2.006300E+00,-8.040E-03,-7.500E-03
+2.007450E+00,-15.578E-03,-3.480E-03
+2.008600E+00,+0.0E+00,-15.038E-03
+2.009750E+00,-11.558E-03,-7.500E-03
+2.010900E+00,-15.578E-03,-7.500E-03
+2.012050E+00,-19.598E-03,-3.982E-03
+2.013200E+00,-16.080E-03,+38E-06
+2.014350E+00,-15.578E-03,-3.480E-03
+2.015500E+00,-15.578E-03,+38E-06
+2.016650E+00,-12.060E-03,-11.018E-03
+2.017800E+00,-8.040E-03,-7.500E-03
+2.018950E+00,-12.060E-03,-15.540E-03
+2.020100E+00,-39.698E-03,-15.540E-03
+2.021250E+00,-27.638E-03,-3.982E-03
+2.022400E+00,-16.080E-03,-7.500E-03
+2.023550E+00,-32.161E-03,-23.580E-03
+2.024700E+00,-16.080E-03,-47.701E-03
+2.025850E+00,+3.518E-03,-43.681E-03
+2.027000E+00,+7.538E-03,-31.118E-03
+2.028150E+00,+8.040E-03,-23.580E-03
+2.029300E+00,+15.578E-03,-7.500E-03
+2.030450E+00,-3.518E-03,-11.520E-03
+2.031600E+00,+7.538E-03,-15.038E-03
+2.032750E+00,+0.0E+00,-3.480E-03
+2.033900E+00,+7.538E-03,-23.078E-03
+2.035050E+00,-3.518E-03,-7.500E-03
+2.036200E+00,+7.538E-03,-15.038E-03
+2.037350E+00,+0.0E+00,-11.520E-03
+2.038500E+00,+0.0E+00,-7.500E-03
+2.039650E+00,-8.040E-03,-3.480E-03
+2.040800E+00,+16.080E-03,+540E-06
+2.041950E+00,+0.0E+00,+8.078E-03
+2.043100E+00,+0.0E+00,+32.198E-03
+2.044250E+00,-8.040E-03,+20.641E-03
+2.045400E+00,-24.121E-03,+32.701E-03
+2.046550E+00,-44.221E-03,+20.641E-03
+2.047700E+00,-24.121E-03,+8.078E-03
+2.048850E+00,-24.121E-03,+8.580E-03
+2.050000E+00,-16.080E-03,-7.500E-03
+2.051150E+00,-15.578E-03,-7.500E-03
+2.052300E+00,-8.040E-03,-7.500E-03
+2.053450E+00,-16.080E-03,-11.018E-03
+2.054600E+00,-16.080E-03,+540E-06
+2.055750E+00,-16.080E-03,+540E-06
+2.056900E+00,-15.578E-03,-23.078E-03
+2.058050E+00,-12.060E-03,-11.018E-03
+2.059200E+00,-8.040E-03,+38E-06
+2.060350E+00,-12.060E-03,+4.560E-03
+2.061500E+00,-16.080E-03,-15.038E-03
+2.062650E+00,-12.060E-03,-11.018E-03
+2.063800E+00,-31.658E-03,-7.500E-03
+2.064950E+00,-31.658E-03,-11.018E-03
+2.066100E+00,-24.121E-03,-7.500E-03
+2.067250E+00,-27.638E-03,-31.621E-03
+2.068400E+00,-15.578E-03,-47.701E-03
+2.069550E+00,-4.020E-03,-35.641E-03
+2.070700E+00,+0.0E+00,-31.118E-03
+2.071850E+00,+8.040E-03,-15.540E-03
+2.073000E+00,+0.0E+00,-23.078E-03
+2.074150E+00,-3.518E-03,-11.520E-03
+2.075300E+00,+0.0E+00,-7.500E-03
+2.076450E+00,-8.040E-03,-3.982E-03
+2.077600E+00,+0.0E+00,+540E-06
+2.078750E+00,-4.020E-03,-7.500E-03
+2.079900E+00,-7.538E-03,-15.038E-03
+2.081050E+00,+0.0E+00,+540E-06
+2.082200E+00,-15.578E-03,-15.540E-03
+2.083350E+00,+3.518E-03,+540E-06
+2.084500E+00,+7.538E-03,+8.580E-03
+2.085650E+00,-4.020E-03,+8.580E-03
+2.086800E+00,+0.0E+00,+16.118E-03
+2.087950E+00,-3.518E-03,+16.621E-03
+2.089100E+00,-8.040E-03,+32.198E-03
+2.090250E+00,-35.678E-03,+16.621E-03
+2.091400E+00,-32.161E-03,+8.580E-03
+2.092550E+00,-32.161E-03,-7.500E-03
+2.093700E+00,+0.0E+00,-7.500E-03
+2.094850E+00,-3.518E-03,-11.520E-03
+2.096000E+00,-23.618E-03,-15.540E-03
+2.097150E+00,+0.0E+00,-11.520E-03
+2.098300E+00,-8.040E-03,+540E-06
+2.099450E+00,-20.101E-03,-3.982E-03
+2.100600E+00,+0.0E+00,+540E-06
+2.101750E+00,-11.558E-03,-7.500E-03
+2.102900E+00,-23.618E-03,+38E-06
+2.104050E+00,-11.558E-03,-19.058E-03
+2.105200E+00,+0.0E+00,-7.500E-03
+2.106350E+00,-12.060E-03,-3.480E-03
+2.107500E+00,-15.578E-03,-7.500E-03
+2.108650E+00,-24.121E-03,-7.500E-03
+2.109800E+00,-32.161E-03,-15.540E-03
+2.110950E+00,-20.101E-03,-23.580E-03
+2.112100E+00,-32.161E-03,-23.580E-03
+2.113250E+00,-8.040E-03,-43.178E-03
+2.114400E+00,+0.0E+00,-39.158E-03
+2.115550E+00,+3.518E-03,-19.058E-03
+2.116700E+00,+0.0E+00,+38E-06
+2.117850E+00,+16.080E-03,-11.520E-03
+2.119000E+00,+0.0E+00,-15.540E-03
+2.120150E+00,+4.020E-03,-19.560E-03
+2.121300E+00,+7.538E-03,+540E-06
+2.122450E+00,-4.020E-03,-3.480E-03
+2.123600E+00,-8.040E-03,-15.540E-03
+2.124750E+00,-3.518E-03,-11.018E-03
+2.125900E+00,+7.538E-03,-15.540E-03
+2.127050E+00,+3.518E-03,+4.058E-03
+2.128200E+00,+15.578E-03,+8.078E-03
+2.129350E+00,+8.040E-03,+8.078E-03
+2.130500E+00,+0.0E+00,+540E-06
+2.131650E+00,-7.538E-03,+4.058E-03
+2.132800E+00,-15.578E-03,+16.621E-03
+2.133950E+00,-31.658E-03,+16.118E-03
+2.135100E+00,-31.658E-03,+540E-06
+2.136250E+00,-19.598E-03,+38E-06
+2.137400E+00,-31.658E-03,+38E-06
+2.138550E+00,-12.060E-03,-7.500E-03
+2.139700E+00,-23.618E-03,-15.038E-03
+2.140850E+00,-20.101E-03,-7.500E-03
+2.142000E+00,-8.040E-03,-7.500E-03
+2.143150E+00,-3.518E-03,-7.500E-03
+2.144300E+00,-23.618E-03,+540E-06
+2.145450E+00,-23.618E-03,+4.058E-03
+2.146600E+00,-23.618E-03,-7.500E-03
+2.147750E+00,-7.538E-03,+540E-06
+2.148900E+00,+0.0E+00,-7.500E-03
+2.150050E+00,-12.060E-03,-3.480E-03
+2.151200E+00,-23.618E-03,-7.500E-03
+2.152350E+00,-7.538E-03,-15.540E-03
+2.153500E+00,-24.121E-03,+38E-06
+2.154650E+00,-27.638E-03,-15.540E-03
+2.155800E+00,-24.121E-03,-23.580E-03
+2.156950E+00,-11.558E-03,-39.661E-03
+2.158100E+00,-8.040E-03,-23.580E-03
+2.159250E+00,-4.020E-03,-27.601E-03
+2.160400E+00,+8.040E-03,-23.078E-03
+2.161550E+00,-3.518E-03,-11.018E-03
+2.162700E+00,+0.0E+00,-7.500E-03
+2.163850E+00,-3.518E-03,-15.540E-03
+2.165000E+00,-16.080E-03,+540E-06
+2.166150E+00,-4.020E-03,-7.500E-03
+2.167300E+00,-16.080E-03,-7.500E-03
+2.168450E+00,-4.020E-03,-15.540E-03
+2.169600E+00,-7.538E-03,-15.038E-03
+2.170750E+00,-3.518E-03,-7.500E-03
+2.171900E+00,+0.0E+00,+540E-06
+2.173050E+00,-3.518E-03,+4.058E-03
+2.174200E+00,-7.538E-03,+38E-06
+2.175350E+00,+0.0E+00,+12.601E-03
+2.176500E+00,-16.080E-03,+16.118E-03
+2.177650E+00,-28.141E-03,+12.098E-03
+2.178800E+00,-24.121E-03,+540E-06
+2.179950E+00,-24.121E-03,-7.500E-03
+2.181100E+00,-16.080E-03,-15.540E-03
+2.182250E+00,-16.080E-03,-15.540E-03
+2.183400E+00,+0.0E+00,-23.078E-03
+2.184550E+00,-3.518E-03,+540E-06
+2.185700E+00,-15.578E-03,-23.078E-03
+2.186850E+00,-4.020E-03,-7.500E-03
+2.188000E+00,-16.080E-03,-15.038E-03
+2.189150E+00,-15.578E-03,-7.500E-03
+2.190300E+00,-15.578E-03,-15.540E-03
+2.191450E+00,+0.0E+00,-15.540E-03
+2.192600E+00,-8.040E-03,-15.038E-03
+2.193750E+00,-3.518E-03,-3.480E-03
+2.194900E+00,+0.0E+00,+38E-06
+2.196050E+00,-12.060E-03,-15.038E-03
+2.197200E+00,-23.618E-03,-7.500E-03
+2.198350E+00,-12.060E-03,-7.500E-03
+2.199500E+00,+0.0E+00,-15.038E-03
+2.200650E+00,+3.518E-03,-19.058E-03
+2.201800E+00,+0.0E+00,-15.038E-03
+2.202950E+00,-11.558E-03,-3.480E-03
+2.204100E+00,+0.0E+00,-15.038E-03
+2.205250E+00,+0.0E+00,-7.500E-03
+2.206400E+00,+16.080E-03,-15.038E-03
+2.207550E+00,-8.040E-03,-7.500E-03
+2.208700E+00,+0.0E+00,-23.078E-03
+2.209850E+00,+0.0E+00,-3.480E-03
+2.211000E+00,+0.0E+00,+38E-06
+2.212150E+00,+3.518E-03,-7.500E-03
+2.213300E+00,-8.040E-03,-7.500E-03
+2.214450E+00,+4.020E-03,+4.058E-03
+2.215600E+00,+0.0E+00,-7.500E-03
+2.216750E+00,+0.0E+00,-7.500E-03
+2.217900E+00,-8.040E-03,+8.078E-03
+2.219050E+00,-19.598E-03,+4.058E-03
+2.220200E+00,-15.578E-03,-7.500E-03
+2.221350E+00,+3.518E-03,-7.500E-03
+2.222500E+00,-15.578E-03,-7.500E-03
+2.223650E+00,-3.518E-03,-3.480E-03
+2.224800E+00,+7.538E-03,+38E-06
+2.225950E+00,-12.060E-03,-11.018E-03
+2.227100E+00,-8.040E-03,+8.078E-03
+2.228250E+00,-8.040E-03,-3.480E-03
+2.229400E+00,+0.0E+00,-7.500E-03
+2.230550E+00,-3.518E-03,-15.038E-03
+2.231700E+00,+0.0E+00,-23.078E-03
+2.232850E+00,-8.040E-03,-3.480E-03
+2.234000E+00,+0.0E+00,+540E-06
+2.235150E+00,+3.518E-03,-3.982E-03
+2.236300E+00,-7.538E-03,+8.078E-03
+2.237450E+00,-4.020E-03,+540E-06
+2.238600E+00,+0.0E+00,-7.500E-03
+2.239750E+00,-3.518E-03,-3.982E-03
+2.240900E+00,-7.538E-03,-7.500E-03
+2.242050E+00,-3.518E-03,-11.018E-03
+2.243200E+00,-7.538E-03,+8.078E-03
+2.244350E+00,+0.0E+00,+540E-06
+2.245500E+00,-7.538E-03,-7.500E-03
+2.246650E+00,-3.518E-03,+38E-06
+2.247800E+00,-7.538E-03,-15.540E-03
+2.248950E+00,-11.558E-03,-7.500E-03
+2.250100E+00,-8.040E-03,-7.500E-03
+2.251250E+00,-4.020E-03,-7.500E-03
+2.252400E+00,+15.578E-03,-7.500E-03
+2.253550E+00,-8.040E-03,-11.018E-03
+2.254700E+00,-7.538E-03,+540E-06
+2.255850E+00,-3.518E-03,-7.500E-03
+2.257000E+00,-8.040E-03,-7.500E-03
+2.258150E+00,-4.020E-03,-7.500E-03
+2.259300E+00,+0.0E+00,-23.078E-03
+2.260450E+00,-11.558E-03,-11.520E-03
+2.261600E+00,-7.538E-03,-7.500E-03
+2.262750E+00,-3.518E-03,-7.500E-03
+2.263900E+00,+7.538E-03,+540E-06
+2.265050E+00,-11.558E-03,-11.520E-03
+2.266200E+00,+0.0E+00,-7.500E-03
+2.267350E+00,-4.020E-03,+38E-06
+2.268500E+00,-15.578E-03,-7.500E-03
+2.269650E+00,-16.080E-03,+4.058E-03
+2.270800E+00,-15.578E-03,-15.038E-03
+2.271950E+00,+3.518E-03,+540E-06
+2.273100E+00,+0.0E+00,+38E-06
+2.274250E+00,-16.080E-03,+540E-06
+2.275400E+00,-7.538E-03,+8.078E-03
+2.276550E+00,-3.518E-03,-11.018E-03
+2.277700E+00,-7.538E-03,-15.038E-03
+2.278850E+00,,
